<?xml version="1.0" encoding="UTF-8" standalone="yes"?>
<addon id="script.me.rebootfromnand"
    name="my rebootfromnand hack"
    version="1.0.0"
    provider-name="Me">
    <requires>
        <import addon="xbmc.python" version="2.14.0" />
    </requires>
    <extension point="xbmc.python.script" library="default.py" />
    <extension point="xbmc.addon.metadata">
        <summary lang="en">skin can check for the presence of this for power menu</summary>
        <platform>all</platform>
    </extension>
</addon>