<favourites>
    <favourite name="Choose More" thumb="special://masterprofile/smashing/smashingfavourites/icons/testshell.png">RunScript(special://masterprofile/smashing/smashingfavourites/scripts/smashingfavourites.py, choose)</favourite>		
    <favourite name="testshell 1" thumb="special://masterprofile/smashing/smashingfavourites/icons/testshell.png">RunScript(special://masterprofile/smashing/smashingfavourites/scripts/testshell/testshell1.py)</favourite>
    <favourite name="testshell 2" thumb="special://masterprofile/smashing/smashingfavourites/icons/testshell.png">RunScript(special://masterprofile/smashing/smashingfavourites/scripts/testshell/testshell2.py)</favourite>
    <favourite name="testshell 3" thumb="special://masterprofile/smashing/smashingfavourites/icons/testshell.png">RunScript(special://masterprofile/smashing/smashingfavourites/scripts/testshell/testshell3.py)</favourite>
    <favourite name="testshell 4" thumb="special://masterprofile/smashing/smashingfavourites/icons/testshell.png">RunScript(special://masterprofile/smashing/smashingfavourites/scripts/testshell/testshell4.py)</favourite>
    <favourite name="testshell 5" thumb="special://masterprofile/smashing/smashingfavourites/icons/testshell.png">RunScript(special://masterprofile/smashing/smashingfavourites/scripts/testshell/testshell5.py)</favourite>
    <favourite name="testshell 6" thumb="special://masterprofile/smashing/smashingfavourites/icons/testshell.png">RunScript(special://masterprofile/smashing/smashingfavourites/scripts/testshell/testshell6.py)</favourite>
    <favourite name="testshell 7" thumb="special://masterprofile/smashing/smashingfavourites/icons/testshell.png">RunScript(special://masterprofile/smashing/smashingfavourites/scripts/testshell/testshell7.py)</favourite>
    <favourite name="testshell 8" thumb="special://masterprofile/smashing/smashingfavourites/icons/testshell.png">RunScript(special://masterprofile/smashing/smashingfavourites/scripts/testshell/testshell8.py)</favourite>
    <favourite name="testshell 9" thumb="special://masterprofile/smashing/smashingfavourites/icons/testshell.png">RunScript(special://masterprofile/smashing/smashingfavourites/scripts/testshell/testshell9.py)</favourite>
    <favourite name="testshell 10" thumb="special://masterprofile/smashing/smashingfavourites/icons/testshell.png">RunScript(special://masterprofile/smashing/smashingfavourites/scripts/testshell/testshell10.py)</favourite>	
    <favourite name="testshell 11" thumb="special://masterprofile/smashing/smashingfavourites/icons/testshell.png">RunScript(special://masterprofile/smashing/smashingfavourites/scripts/testshell/testshell11.py)</favourite>
    <favourite name="testshell 12" thumb="special://masterprofile/smashing/smashingfavourites/icons/testshell.png">RunScript(special://masterprofile/smashing/smashingfavourites/scripts/testshell/testshell12.py)</favourite>
    <favourite name="testshell 13" thumb="special://masterprofile/smashing/smashingfavourites/icons/testshell.png">RunScript(special://masterprofile/smashing/smashingfavourites/scripts/testshell/testshell13.py)</favourite>
    <favourite name="testshell 14" thumb="special://masterprofile/smashing/smashingfavourites/icons/testshell.png">RunScript(special://masterprofile/smashing/smashingfavourites/scripts/testshell/testshell14.py)</favourite>
    <favourite name="testshell 15" thumb="special://masterprofile/smashing/smashingfavourites/icons/testshell.png">RunScript(special://masterprofile/smashing/smashingfavourites/scripts/testshell/testshell15.py)</favourite>
    <favourite name="testshell 16" thumb="special://masterprofile/smashing/smashingfavourites/icons/testshell.png">RunScript(special://masterprofile/smashing/smashingfavourites/scripts/testshell/testshell16.py)</favourite>
    <favourite name="testshell 17" thumb="special://masterprofile/smashing/smashingfavourites/icons/testshell.png">RunScript(special://masterprofile/smashing/smashingfavourites/scripts/testshell/testshell17.py)</favourite>
    <favourite name="testshell 18" thumb="special://masterprofile/smashing/smashingfavourites/icons/testshell.png">RunScript(special://masterprofile/smashing/smashingfavourites/scripts/testshell/testshell18.py)</favourite>
    <favourite name="testshell 19" thumb="special://masterprofile/smashing/smashingfavourites/icons/testshell.png">RunScript(special://masterprofile/smashing/smashingfavourites/scripts/testshell/testshell19.py)</favourite>
    <favourite name="testshell 20" thumb="special://masterprofile/smashing/smashingfavourites/icons/testshell.png">RunScript(special://masterprofile/smashing/smashingfavourites/scripts/testshell/testshell20.py)</favourite>
</favourites>
<!--name is Custom.smashing.testshell2168--><!--Test Shell scripts-->