<favourites>
    <favourite name="Choose More" thumb="special://masterprofile/smashing/smashingfavourites/icons/tv-sat.png">RunScript(special://masterprofile/smashing/smashingfavourites/scripts/smashingfavourites.py, choose)</favourite>
    <favourite name="All options" thumb="special://masterprofile/smashing/smashingfavourites/icons/tv-sat.png">RunScript(special://masterprofile/smashing/smashingfavourites/scripts/smashingfavourites.py, alloptions)</favourite>
    <favourite name="TV" thumb="special://masterprofile/smashing/smashingfavourites/icons/tv-sat.png">RunScript(special://masterprofile/smashing/smashingfavourites/scripts/smashingfavourites.py, tv)</favourite>
    <favourite name="IPTV" thumb="special://masterprofile/smashing/smashingfavourites/icons/tv-sat.png">RunScript(special://masterprofile/smashing/smashingfavourites/scripts/smashingfavourites.py, tv-iptv)</favourite>
    <favourite name="TV settings" thumb="special://masterprofile/smashing/smashingfavourites/icons/tv-sat.png">RunScript(special://masterprofile/smashing/smashingfavourites/scripts/smashingfavourites.py, tv-settings)</favourite>
    <favourite name="TV extras" thumb="special://masterprofile/smashing/smashingfavourites/icons/tv-sat.png">RunScript(special://masterprofile/smashing/smashingfavourites/scripts/smashingfavourites.py, tv-extras)</favourite>
    <favourite name="channels" thumb="special://masterprofile/smashing/smashingfavourites/icons/tv-sat.png">RunScript(special://masterprofile/smashing/smashingfavourites/scripts/tvscripts/smashingstartpvr.py, channels)</favourite>
    <favourite name="guide" thumb="special://masterprofile/smashing/smashingfavourites/icons/tv-sat.png">RunScript(special://masterprofile/smashing/smashingfavourites/scripts/tvscripts/smashingstartpvr.py, guide)</favourite>
    <favourite name="radio" thumb="special://masterprofile/smashing/smashingfavourites/icons/tv-sat.png">RunScript(special://masterprofile/smashing/smashingfavourites/scripts/tvscripts/smashingstartpvr.py, radio)</favourite>
    <favourite name="recordings" thumb="special://masterprofile/smashing/smashingfavourites/icons/tv-sat.png">RunScript(special://masterprofile/smashing/smashingfavourites/scripts/tvscripts/smashingstartpvr.py, recordings)</favourite>
    <favourite name="just dvbviewer choose channels" thumb="special://masterprofile/smashing/smashingfavourites/icons/tv-sat.png">RunScript(special://masterprofile/smashing/smashingfavourites/scripts/tvscripts/smashingstartpvr.py, pvr.dvbviewer, group = choose, singular)</favourite>
    <favourite name="just dvbviewer choose guide" thumb="special://masterprofile/smashing/smashingfavourites/icons/tv-sat.png">RunScript(special://masterprofile/smashing/smashingfavourites/scripts/tvscripts/smashingstartpvr.py, pvr.dvbviewer, guide, group = choose, singular)</favourite>    <favourite name="dvbviewer choose channels" thumb="special://masterprofile/smashing/smashingfavourites/icons/tv-sat.png">RunScript(special://masterprofile/smashing/smashingfavourites/scripts/tvscripts/testsmashingstartpvr.py, pvr.dvbviewer, group = choose, singular)</favourite>
    <favourite name="dvbviewer choose guide" thumb="special://masterprofile/smashing/smashingfavourites/icons/tv-sat.png">RunScript(special://masterprofile/smashing/smashingfavourites/scripts/tvscripts/smashingstartpvr.py, pvr.dvbviewer, guide, group = choose, singular)</favourite>
    <favourite name="disable dvbviewer" thumb="special://masterprofile/smashing/smashingfavourites/icons/tv-sat.png">RunScript(special://masterprofile/smashing/smashingfavourites/scripts/tvscripts/smashingstartpvr.py, disable = pvr.dvbviewer)</favourite>
    <favourite name="DVBviewer settings" thumb="special://masterprofile/smashing/smashingfavourites/icons/tv-sat.png">XBMC.Addon.OpenSettings(pvr.dvbviewer)</favourite>
</favourites>
<!--name is Custom.smashing.tv-sat2182--><!--TV - Satellite-->