<favourites>
    <favourite name="Choose More" thumb="special://masterprofile/smashing/smashingfavourites/icons/general.png">RunScript(special://masterprofile/smashing/smashingfavourites/scripts/smashingfavourites.py, choose)</favourite>
    <favourite name="Favourites">ActivateWindow(Favourites)</favourite>
    <favourite name="Music">ActivateWindow(10502,&quot;smb://Source Music/&quot;,return)</favourite>
    <favourite name="Music - Artists">ActivateWindow(10502,&quot;smb://Source Music/Artists/&quot;,return)</favourite>
    <favourite name="Music - Christmas">ActivateWindow(10502,&quot;smb://Source Music/Christmas/&quot;,return)</favourite>
    <favourite name="Music - Compilations">ActivateWindow(10502,&quot;smb://Source Music/Compilations/&quot;,return)</favourite>
    <favourite name="Music - OSTs">ActivateWindow(10502,&quot;smb://Source Music/OSTs/&quot;,return)</favourite>
    <favourite name="Music - Singles">ActivateWindow(10502,&quot;smb://Source Music/Singles/&quot;,return)</favourite>
    <favourite name="My Radio Stations">ActivateWindow(10502,&quot;plugin://plugin.audio.radio_de/stations/my/&quot;,return)</favourite>
    <favourite name="MySports 1 - Sky Sports News">PlayMedia(&quot;plugin://plugin.video.mysports/?url=rtmp%3A%2F%2Fvdn.hd-streaming.tv%3A443%2Flive+playpath%3Dchannel1%3Fs%3D6hfu0+app%3Dlive+live%3Dtrue&amp;mode=30&amp;name=Channel+1+-+Sky+Sports+News&amp;sf_options=winID%3D10001%26_options_sf&quot;)</favourite>
    <favourite name="MySports 2 - Sky Sports 1">PlayMedia(&quot;plugin://plugin.video.mysports/?url=rtmp%3A%2F%2Fvdn.hd-streaming.tv%3A443%2Flive+playpath%3Dchannel2%3Fs%3D6hfu0+app%3Dlive+live%3Dtrue&amp;mode=30&amp;name=Channel+2+-+Sky+Sports+1&amp;sf_options=winID%3D10001%26_options_sf&quot;)</favourite>
    <favourite name="MySports 3 - Sky Sports 2">PlayMedia(&quot;plugin://plugin.video.mysports/?url=rtmp%3A%2F%2Fvdn.hd-streaming.tv%3A443%2Flive+playpath%3Dchannel3%3Fs%3D6hfu0+app%3Dlive+live%3Dtrue&amp;mode=30&amp;name=Channel+3+-+Sky+Sports+2&amp;sf_options=winID%3D10001%26_options_sf&quot;)</favourite>
    <favourite name="MySports 4 - Sky  Sports 3">PlayMedia(&quot;plugin://plugin.video.mysports/?url=rtmp%3A%2F%2Fvdn.hd-streaming.tv%3A443%2Flive+playpath%3Dchannel4%3Fs%3D6hfu0+app%3Dlive+live%3Dtrue&amp;mode=30&amp;name=Channel+4+-+Sky++Sports+3&amp;sf_options=winID%3D10001%26_options_sf&quot;)</favourite>
    <favourite name="MySports 5 - Sky Sports 4">PlayMedia(&quot;plugin://plugin.video.mysports/?url=rtmp%3A%2F%2Fvdn.hd-streaming.tv%3A443%2Flive+playpath%3Dchannel5%3Fs%3D6hfu0+app%3Dlive+live%3Dtrue&amp;mode=30&amp;name=Channel+5+-+Sky+Sports+4&amp;sf_options=winID%3D10001%26_options_sf&quot;)</favourite>
    <favourite name="MySports 6 - Sky Sports 5">PlayMedia(&quot;plugin://plugin.video.mysports/?url=rtmp%3A%2F%2Fvdn.hd-streaming.tv%3A443%2Flive+playpath%3Dchannel6%3Fs%3D6hfu0+app%3Dlive+live%3Dtrue&amp;mode=30&amp;name=Channel+6+-+Sky+Sports+5&amp;sf_options=winID%3D10001%26_options_sf&quot;)</favourite>
    <favourite name="MySports 7 - Sky Sports F1">PlayMedia(&quot;plugin://plugin.video.mysports/?url=rtmp%3A%2F%2Fvdn.hd-streaming.tv%3A443%2Flive+playpath%3Dchannel7%3Fs%3D6hfu0+app%3Dlive+live%3Dtrue&amp;mode=30&amp;name=Channel+7+-+Sky+Sports+F1&amp;sf_options=winID%3D10001%26_options_sf&quot;)</favourite>
    <favourite name="MySports 8 - BT Sport 1">PlayMedia(&quot;plugin://plugin.video.mysports/?url=rtmp%3A%2F%2Fvdn.hd-streaming.tv%3A443%2Flive+playpath%3Dchannel8%3Fs%3D6hfu0+app%3Dlive+live%3Dtrue&amp;mode=30&amp;name=Channel+8+-+BT+Sport+1&amp;sf_options=winID%3D10001%26_options_sf&quot;)</favourite>
    <favourite name="MySports 9 - BT Sport 2">PlayMedia(&quot;plugin://plugin.video.mysports/?url=rtmp%3A%2F%2Fvdn.hd-streaming.tv%3A443%2Flive+playpath%3Dchannel9%3Fs%3D6hfu0+app%3Dlive+live%3Dtrue&amp;mode=30&amp;name=Channel9+-+BT+Sport+2&amp;sf_options=winID%3D10001%26_options_sf&quot;)</favourite>
    <favourite name="MySports 10 - BT Sport Europe">PlayMedia(&quot;plugin://plugin.video.mysports/?url=rtmp%3A%2F%2Fvdn.hd-streaming.tv%3A443%2Flive+playpath%3Dchannel10%3Fs%3D6hfu0+app%3Dlive+live%3Dtrue&amp;mode=30&amp;name=Channel+10+-+BT+Sport+Europe&amp;sf_options=winID%3D10001%26_options_sf&quot;)</favourite>
    <favourite name="MySports 11 - BT Sport ESPN">PlayMedia(&quot;plugin://plugin.video.mysports/?url=rtmp%3A%2F%2Fvdn.hd-streaming.tv%3A443%2Flive+playpath%3Dchannel11%3Fs%3D6hfu0+app%3Dlive+live%3Dtrue&amp;mode=30&amp;name=Channel+11+-+BT+Sport+ESPN&amp;sf_options=winID%3D10001%26_options_sf&quot;)</favourite>
    <favourite name="MySports 12 - Setanta Sports 1">PlayMedia(&quot;plugin://plugin.video.mysports/?url=rtmp%3A%2F%2Fvdn.hd-streaming.tv%3A443%2Flive+playpath%3Dchannel12%3Fs%3D6hfu0+app%3Dlive+live%3Dtrue&amp;mode=30&amp;name=Channel+12+-+Setanta+Sports+1&amp;sf_options=winID%3D10001%26_options_sf&quot;)</favourite>
    <favourite name="MySports 13 - Setanta Sports Ireland">PlayMedia(&quot;plugin://plugin.video.mysports/?url=rtmp%3A%2F%2Fvdn.hd-streaming.tv%3A443%2Flive+playpath%3Dchannel13%3Fs%3D6hfu0+app%3Dlive+live%3Dtrue&amp;mode=30&amp;name=Channel+13+-+Setanta+Sports+Ireland&amp;sf_options=winID%3D10001%26_options_sf&quot;)</favourite>
    <favourite name="MySports 14 - Box Nation">PlayMedia(&quot;plugin://plugin.video.mysports/?url=rtmp%3A%2F%2Fvdn.hd-streaming.tv%3A443%2Flive+playpath%3Dchannel14%3Fs%3D6hfu0+app%3Dlive+live%3Dtrue&amp;mode=30&amp;name=Channel+14+-+Box+Nation&amp;sf_options=winID%3D10001%26_options_sf&quot;)</favourite>
    <favourite name="MySports 15 - Racing UK">PlayMedia(&quot;plugin://plugin.video.mysports/?url=rtmp%3A%2F%2Fvdn.hd-streaming.tv%3A443%2Flive+playpath%3Dchannel15%3Fs%3D6hfu0+app%3Dlive+live%3Dtrue&amp;mode=30&amp;name=Channel+15+-+Racing+UK&amp;sf_options=winID%3D10001%26_options_sf&quot;)</favourite>
    <favourite name="MySports 1 (SD) - Sky Sports News">PlayMedia(&quot;plugin://plugin.video.mysports/?url=rtmp%3A%2F%2Fvdn.hd-streaming.tv%3A443%2Flive+playpath%3Dchannel1-sd%3Fs%3D6hfu0+app%3Dlive+live%3Dtrue&amp;mode=30&amp;name=Channel+1+%28SD%29+-+Sky+Sports+News&amp;sf_options=winID%3D10001%26_options_sf&quot;)</favourite>
    <favourite name="MySports 2 (SD) - SSky Sports 1">PlayMedia(&quot;plugin://plugin.video.mysports/?url=rtmp%3A%2F%2Fvdn.hd-streaming.tv%3A443%2Flive+playpath%3Dchannel2-sd%3Fs%3D6hfu0+app%3Dlive+live%3Dtrue&amp;mode=30&amp;name=Channel+2+%28SD%29+-+SSky+Sports+1&amp;sf_options=winID%3D10001%26_options_sf&quot;)</favourite>
    <favourite name="MySports 3 (SD) - Sky Sports 2">PlayMedia(&quot;plugin://plugin.video.mysports/?url=rtmp%3A%2F%2Fvdn.hd-streaming.tv%3A443%2Flive+playpath%3Dchannel3-sd%3Fs%3D6hfu0+app%3Dlive+live%3Dtrue&amp;mode=30&amp;name=Channel+3+%28SD%29+-+Sky+Sports+2&amp;sf_options=winID%3D10001%26_options_sf&quot;)</favourite>
    <favourite name="MySports 4 (SD) - Sky  Sports 3">PlayMedia(&quot;plugin://plugin.video.mysports/?url=rtmp%3A%2F%2Fvdn.hd-streaming.tv%3A443%2Flive+playpath%3Dchannel4-sd%3Fs%3D6hfu0+app%3Dlive+live%3Dtrue&amp;mode=30&amp;name=Channel+4+%28SD%29+-+Sky++Sports+3&amp;sf_options=winID%3D10001%26_options_sf&quot;)</favourite>
    <favourite name="MySports 5 (SD) - Sky Sports 4">PlayMedia(&quot;plugin://plugin.video.mysports/?url=rtmp%3A%2F%2Fvdn.hd-streaming.tv%3A443%2Flive+playpath%3Dchannel5-sd%3Fs%3D6hfu0+app%3Dlive+live%3Dtrue&amp;mode=30&amp;name=Channel+5+%28SD%29+-+Sky+Sports+4&amp;sf_options=winID%3D10001%26_options_sf&quot;)</favourite>
    <favourite name="MySports 6 (SD) - Sky Sports 5">PlayMedia(&quot;plugin://plugin.video.mysports/?url=rtmp%3A%2F%2Fvdn.hd-streaming.tv%3A443%2Flive+playpath%3Dchannel6-sd%3Fs%3D6hfu0+app%3Dlive+live%3Dtrue&amp;mode=30&amp;name=Channel+6+%28SD%29+-+Sky+Sports+5&amp;sf_options=winID%3D10001%26_options_sf&quot;)</favourite>
    <favourite name="MySports 7 (SD) - Sky Sports F1">PlayMedia(&quot;plugin://plugin.video.mysports/?url=rtmp%3A%2F%2Fvdn.hd-streaming.tv%3A443%2Flive+playpath%3Dchannel7-sd%3Fs%3D6hfu0+app%3Dlive+live%3Dtrue&amp;mode=30&amp;name=Channel+7+%28SD%29+-+Sky+Sports+F1&amp;sf_options=winID%3D10001%26_options_sf&quot;)</favourite>
    <favourite name="MySports 8 (SD) - BT Sport 1">PlayMedia(&quot;plugin://plugin.video.mysports/?url=rtmp%3A%2F%2Fvdn.hd-streaming.tv%3A443%2Flive+playpath%3Dchannel8-sd%3Fs%3D6hfu0+app%3Dlive+live%3Dtrue&amp;mode=30&amp;name=Channel+8+%28SD%29+-+BT+Sport+1&amp;sf_options=winID%3D10001%26_options_sf&quot;)</favourite>
    <favourite name="MySports 9 (SD) - BT Sport 2">PlayMedia(&quot;plugin://plugin.video.mysports/?url=rtmp%3A%2F%2Fvdn.hd-streaming.tv%3A443%2Flive+playpath%3Dchannel9-sd%3Fs%3D6hfu0+app%3Dlive+live%3Dtrue&amp;mode=30&amp;name=Channel+9+%28SD%29+-+BT+Sport+2&amp;sf_options=winID%3D10001%26_options_sf&quot;)</favourite>
    <favourite name="MySports 10 (SD) - BT Sport Europe">PlayMedia(&quot;plugin://plugin.video.mysports/?url=rtmp%3A%2F%2Fvdn.hd-streaming.tv%3A443%2Flive+playpath%3Dchannel10-sd%3Fs%3D6hfu0+app%3Dlive+live%3Dtrue&amp;mode=30&amp;name=Channel+10+%28SD%29+-+BT+Sport+Europe&amp;sf_options=winID%3D10001%26_options_sf&quot;)</favourite>
    <favourite name="MySports 11 (SD) - BT Sport ESPN">PlayMedia(&quot;plugin://plugin.video.mysports/?url=rtmp%3A%2F%2Fvdn.hd-streaming.tv%3A443%2Flive+playpath%3Dchannel11-sd%3Fs%3D6hfu0+app%3Dlive+live%3Dtrue&amp;mode=30&amp;name=Channel+11+%28SD%29+-+BT+Sport+ESPN&amp;sf_options=winID%3D10001%26_options_sf&quot;)</favourite>
    <favourite name="MySports 12 (SD) - Setanta Sports 1">PlayMedia(&quot;plugin://plugin.video.mysports/?url=rtmp%3A%2F%2Fvdn.hd-streaming.tv%3A443%2Flive+playpath%3Dchannel12-sd%3Fs%3D6hfu0+app%3Dlive+live%3Dtrue&amp;mode=30&amp;name=Channel+12+%28SD%29+-+Setanta+Sports+1&amp;sf_options=winID%3D10001%26_options_sf&quot;)</favourite>
    <favourite name="MySports 13 (SD) - Setanta Sports Ireland">PlayMedia(&quot;plugin://plugin.video.mysports/?url=rtmp%3A%2F%2Fvdn.hd-streaming.tv%3A443%2Flive+playpath%3Dchannel13-sd%3Fs%3D6hfu0+app%3Dlive+live%3Dtrue&amp;mode=30&amp;name=Channel+13+%28SD%29+-+Setanta+Sports+Ireland&amp;sf_options=winID%3D10001%26_options_sf&quot;)</favourite>
    <favourite name="MySports 14 (SD) - Box Nation">PlayMedia(&quot;plugin://plugin.video.mysports/?url=rtmp%3A%2F%2Fvdn.hd-streaming.tv%3A443%2Flive+playpath%3Dchannel14-sd%3Fs%3D6hfu0+app%3Dlive+live%3Dtrue&amp;mode=30&amp;name=Channel+14+%28SD%29+-+Box+Nation&amp;sf_options=winID%3D10001%26_options_sf&quot;)</favourite>
    <favourite name="MySports 15 (SD) - Racing UK">PlayMedia(&quot;plugin://plugin.video.mysports/?url=rtmp%3A%2F%2Fvdn.hd-streaming.tv%3A443%2Flive+playpath%3Dchannel15-sd%3Fs%3D6hfu0+app%3Dlive+live%3Dtrue&amp;mode=30&amp;name=Channel+15+%28SD%29+-+Racing+UK&amp;sf_options=winID%3D10001%26_options_sf&quot;)</favourite>
    <favourite name="PVR recordings Aspire">ActivateWindow(10025,&quot;smb://Source DVB Video/&quot;,return)</favourite>
    <favourite name="Google Photos">ActivateWindow(10002,&quot;smb://Source Google Photos/&quot;,return)</favourite>
    <favourite name="restartkodi">RunScript(script.restartkodi)</favourite>
    <favourite name="restarttoandroid">RunScript(script.restarttoandroid)</favourite>
    <favourite name="powerofftoandroid">RunScript(script.powerofftoandroid)</favourite>
    <favourite name="Audio0 Toggle">RunScript(script.audio.profiles,0)</favourite>
    <favourite name="Audio1 HDMITV">RunScript(script.audio.profiles,1)</favourite>
    <favourite name="Audio2 Bluetooth">RunScript(script.audio.profiles,2)</favourite>
    <favourite name="Audio3 HDMIAmp">RunScript(script.audio.profiles,3)</favourite>
    <favourite name="Switch Audio">RunScript(/storage/.config/audioscripts/switchaudiotoggle.py)</favourite>
    <favourite name="Switch Bluetooth">RunScript(/storage/.config/audioscripts/switchaudiobluetooth.py)</favourite>
    <favourite name="LibreELEC Configuration" thumb="/usr/share/kodi/addons/service.libreelec.settings/icon.png">RunScript(service.libreelec.settings&quot;)</favourite>
    <favourite name="Guide Sky" thumb="special://masterprofile/smashing/smashingfavourites/icons/tv.png">RunScript(special://masterprofile/smashing/smashingfavourites/scripts/tvscripts/startpvr.py,pvr.dvbviewer,Sky,channels)</favourite>
    <favourite name="DVBViewer Sport" thumb="special://masterprofile/smashing/smashingfavourites/icons/tv.png">RunScript(special://masterprofile/smashing/smashingfavourites/scripts/tvscripts/startpvr.py,pvr.dvbviewer,sport,channels)</favourite>
    <favourite name="Fab IPTV Catchup" thumb="special://home/addons\plugin.video.fabhosting\resources\art\vod.png">ActivateWindow(10025,&quot;plugin://plugin.video.fabhosting/?action=TheDev&amp;extra&amp;page&amp;plot&amp;thumbnail=E%3a%5cXBMC%20Stuff%5ckryptonmess%5cportable_data%5caddons%5cplugin.video.fabhosting%5cresources%5cart%5cvod.png&amp;title=Fab%20IPTV%20Catchup&amp;url&quot;,return)</favourite>
    <favourite name="alphabet" thumb="special://home/addons\plugin.program.super.favourites\icon.png">ActivateWindow(10001,&quot;plugin://plugin.program.super.favourites/?fanart=E%3a%5cXBMC%20Stuff%5ckryptonmess%5cportable_data%5caddons%5cplugin.program.super.favourites%5cfanart.jpg&amp;image=E%3a%5cXBMC%20Stuff%5ckryptonmess%5cportable_data%5caddons%5cplugin.program.super.favourites%5cicon.png&amp;label=alphabet&amp;mode=400&amp;path=special%3a%2f%2fprofile%2faddon_data%2fplugin.program.super.favourites%2fSuper%20Favourites%5calphabet&quot;,return)</favourite>
    <favourite name="[COLOR white]Sky Sports Main Event HD  [/COLOR]Sky Sports Today" thumb="http://fabiptv.com/getlogos/newlogos/ss_main.png">PlayMedia(&quot;plugin://plugin.video.fabhosting/?action=run_cronjob&amp;title=%5BCOLOR+white%5DSky+Sports+Main+Event+HD++%5B%2FCOLOR%5DSky+Sports+Today&amp;url=http%3A%2F%2Fmeowyapmeow.com%3A8080%2Flive%2Foqrfxtzg%2Fm7q38iA3wE%2F9329.ts&amp;thumbnail=http%3A%2F%2Ffabiptv.com%2Fgetlogos%2Fnewlogos%2Fss_main.png&amp;plot=Now%3A+%5B11%3A00%5D+Sky+Sports+Today%0ANext%3A+%5B12%3A00%5D+Sky+Sports+Today%0A&amp;extra=&amp;page=&quot;)</favourite>
    <favourite name="[COLOR white]Sky Sports Cricket HD  [/COLOR]Live T20 Blast" thumb="http://fabiptv.com/getlogos/newlogos/ss_cricket.png">PlayMedia(&quot;plugin://plugin.video.fabhosting/?action=run_cronjob&amp;title=%5BCOLOR+white%5DSky+Sports+Cricket+HD++%5B%2FCOLOR%5DLive+T20+Blast&amp;url=http%3A%2F%2Fmeowyapmeow.com%3A8080%2Flive%2Foqrfxtzg%2Fm7q38iA3wE%2F9330.ts&amp;thumbnail=http%3A%2F%2Ffabiptv.com%2Fgetlogos%2Fnewlogos%2Fss_cricket.png&amp;plot=Now%3A+%5B17%3A00%5D+Live+T20+Blast%0ANext%3A+%5B22%3A30%5D+T20+Blast%0A&amp;extra=&amp;page=&quot;)</favourite>
    <favourite name="[COLOR white]Sky Sports Action HD  [/COLOR]Mayweather/McGregor: Fight Capital" thumb="http://fabiptv.com/getlogos/newlogos/ss_action.png">PlayMedia(&quot;plugin://plugin.video.fabhosting/?action=run_cronjob&amp;title=%5BCOLOR+white%5DSky+Sports+Action+HD++%5B%2FCOLOR%5DMayweather%2FMcGregor%3A+Fight+Capital&amp;url=http%3A%2F%2Fmeowyapmeow.com%3A8080%2Flive%2Foqrfxtzg%2Fm7q38iA3wE%2F9331.ts&amp;thumbnail=http%3A%2F%2Ffabiptv.com%2Fgetlogos%2Fnewlogos%2Fss_action.png&amp;plot=Now%3A+%5B11%3A30%5D+Mayweather%2FMcGregor%3A+Fight+Capital%0ANext%3A+%5B12%3A00%5D+Fight+Night%3A+Golovkin+v+Brook%0A&amp;extra=&amp;page=&quot;)</favourite>
    <favourite name="[COLOR white]Sky Sports F1 HD  [/COLOR]The Home of Formula One" thumb="http://fabiptv.com/getlogos/newlogos/ss_f1.png">PlayMedia(&quot;plugin://plugin.video.fabhosting/?action=run_cronjob&amp;title=%5BCOLOR+white%5DSky+Sports+F1+HD++%5B%2FCOLOR%5DThe+Home+of+Formula+One&amp;url=http%3A%2F%2Fmeowyapmeow.com%3A8080%2Flive%2Foqrfxtzg%2Fm7q38iA3wE%2F1345.ts&amp;thumbnail=http%3A%2F%2Ffabiptv.com%2Fgetlogos%2Fnewlogos%2Fss_f1.png&amp;plot=Now%3A+%5B11%3A00%5D+The+Home+of+Formula+One%0ANext%3A+%5B12%3A00%5D+The+Home+of+Formula+One%0A&amp;extra=&amp;page=&quot;)</favourite>
    <favourite name="[COLOR white]Sky Sports Mix HD  [/COLOR]NFL - America&apos;s Game" thumb="http://static.trustedreviews.com/94/00003824b/9dba/sky-sports-mix.jpg">PlayMedia(&quot;plugin://plugin.video.fabhosting/?action=run_cronjob&amp;title=%5BCOLOR+white%5DSky+Sports+Mix+HD++%5B%2FCOLOR%5DNFL+-+America%27s+Game&amp;url=http%3A%2F%2Fmeowyapmeow.com%3A8080%2Flive%2Foqrfxtzg%2Fm7q38iA3wE%2F1786.ts&amp;thumbnail=http%3A%2F%2Fstatic.trustedreviews.com%2F94%2F00003824b%2F9dba%2Fsky-sports-mix.jpg&amp;plot=Now%3A+%5B11%3A00%5D+NFL+-+America%27s+Game%0ANext%3A+%5B12%3A00%5D+Michael+Atherton%3ASporting+Triumphs%0A&amp;extra=&amp;page=&quot;)</favourite>
    <favourite name="[COLOR white]Sky Sports News HD  [/COLOR]Sky Sports Today" thumb="http://fabiptv.com/getlogos/logos/Sky_Sport_News_HD.png">PlayMedia(&quot;plugin://plugin.video.fabhosting/?action=run_cronjob&amp;title=%5BCOLOR+white%5DSky+Sports+News+HD++%5B%2FCOLOR%5DSky+Sports+Today&amp;url=http%3A%2F%2Fmeowyapmeow.com%3A8080%2Flive%2Foqrfxtzg%2Fm7q38iA3wE%2F1285.ts&amp;thumbnail=http%3A%2F%2Ffabiptv.com%2Fgetlogos%2Flogos%2FSky_Sport_News_HD.png&amp;plot=Now%3A+%5B11%3A00%5D+Sky+Sports+Today%0ANext%3A+%5B12%3A00%5D+Sky+Sports+Today%0A&amp;extra=&amp;page=&quot;)</favourite>
    <favourite name="[COLOR white]Sky Sports Arena HD  [/COLOR]Super League Highlights" thumb="http://fabiptv.com/getlogos/newlogos/ss_arena.png">PlayMedia(&quot;plugin://plugin.video.fabhosting/?action=run_cronjob&amp;title=%5BCOLOR+white%5DSky+Sports+Arena+HD++%5B%2FCOLOR%5DSuper+League+Highlights&amp;url=http%3A%2F%2Fmeowyapmeow.com%3A8080%2Flive%2Foqrfxtzg%2Fm7q38iA3wE%2F23611.ts&amp;thumbnail=http%3A%2F%2Ffabiptv.com%2Fgetlogos%2Fnewlogos%2Fss_arena.png&amp;plot=Now%3A+%5B11%3A30%5D+Super+League+Highlights%0ANext%3A+%5B11%3A45%5D+Super+League+Highlights%0A&amp;extra=&amp;page=&quot;)</favourite>
    <favourite name="[COLOR white]Sky Sports Football HD  [/COLOR]EFL Greatest:QPR/Middlesbrough &apos;16" thumb="http://fabiptv.com/getlogos/newlogos/ss_fb.png">PlayMedia(&quot;plugin://plugin.video.fabhosting/?action=run_cronjob&amp;title=%5BCOLOR+white%5DSky+Sports+Football+HD++%5B%2FCOLOR%5DEFL+Greatest%3AQPR%2FMiddlesbrough+%2716&amp;url=http%3A%2F%2Fmeowyapmeow.com%3A8080%2Flive%2Foqrfxtzg%2Fm7q38iA3wE%2F23613.ts&amp;thumbnail=http%3A%2F%2Ffabiptv.com%2Fgetlogos%2Fnewlogos%2Fss_fb.png&amp;plot=Now%3A+%5B11%3A30%5D+EFL+Greatest%3AQPR%2FMiddlesbrough+%2716%0ANext%3A+%5B11%3A45%5D+EFL+Greatest%3AN.Forest%2FYeovil+2007%0A&amp;extra=&amp;page=&quot;)</favourite>
    <favourite name="Sky Sports F1 HD" thumb="http://fabiptv.com/getlogos/newlogos/ss_f1.png">PlayMedia(&quot;plugin://plugin.video.fabhosting/?action=run_cronjob&amp;url=http%3A%2F%2Fmeowyapmeow.com%3A8080%2Flive%2Foqrfxtzg%2Fm7q38iA3wE%2F1345.ts&amp&quot;)</favourite>
</favourites>
<!--name is Custom.smashing.general2155--><!--General Favourites-->