<?xml version="1.0" encoding="UTF-8" standalone="yes"?>
<addon id="script.me.extra"
    name="script.me.extra - my confluence home menu hack test"
    version="1.0.0"
    provider-name="Me">
    <requires>
        <import addon="xbmc.python" version="2.14.0" />
    </requires>
    <extension point="xbmc.python.script" library="default.py" />
    <extension point="xbmc.addon.metadata">
        <summary lang="en">script to change visibility of home menu items</summary>
        <platform>all</platform>
    </extension>
</addon>