<?xml version="1.0" encoding="UTF-8"?>

<!--  Button Ids:                                                                             -->
<!--    0: left                                                                               -->
<!--    1: right                                                                              -->
<!--    2: middle                                                                             -->
<!--    3/4/5/6: extra                                                                        -->

<keymap>
  <global>
    <mouse>
      <57361>leftclick</57361>
      <leftclick>leftclick</leftclick>
      <rightclick>rightclick</rightclick>
      <middleclick>middleclick</middleclick>
      <doubleclick id="0">doubleclick</doubleclick>
      <longclick id="0">contextmenu</longclick>

      <wheeldown>wheeldown</wheeldown>
      <wheelup>wheelup</wheelup>
      <mousedrag>mousedrag</mousedrag>
      <mousemove>mousemove</mousemove>
    </mouse>
  </global>
  <SlideShow>
    <mouse>
      <leftclick>Pause</leftclick>
      <rightclick>PreviousMenu</rightclick>
      <wheelup>PreviousPicture</wheelup>
      <wheeldown>NextPicture</wheeldown>
    </mouse>
  </SlideShow>
  <FullscreenVideo>
    <mouse>
      <rightclick>Info</rightclick>
    </mouse>
  </FullscreenVideo>


</keymap>
