<?xml version="1.0" encoding="UTF-8"?>
<keymap>
  <global>
    <keyboard>
      <power>Suspend</power>	
  	  <z>ActivateWindow(Home)</z>   
    </keyboard>
  </global>   
  <FullscreenVideo>
    <keyboard>
	  <left>Seek(-30)</left>
      <right>Seek(30)</right>
      <up>Seek(1000)</up>	
      <down>Seek(-1000)</down>    
      <key id="61484">Seek(-10)</key>						<!-- Skip back (mapped to previous track)-->
      <key id="61486">Seek(10)</key>	  					<!-- Skip fwd  (mapped to next track)-->
  	  <z>ActivateWindow(Home)</z>	  
    </keyboard>
  </FullscreenVideo> 
  <VideoMenu>
    <keyboard>
   	  <z>ActivateWindow(Home)</z>	  
    </keyboard>
  </VideoMenu>
  <TVChannels>
    <keyboard>
      <key id="61486">nextchannelgroup</key>							<!-- Skip fwd  (mapped to next track)-->
      <key id="61484">previouschannelgroup</key>						<!-- Skip back (mapped to previous track)-->	 
    </keyboard>
  </TVChannels>
  <TVGuide>
    <keyboard>
      <key id="61486">nextchannelgroup</key>						  <!-- Skip fwd  (mapped to next track)-->
      <key id="61484">previouschannelgroup</key>					  <!-- Skip back (mapped to previous track)-->	 
    </keyboard>
  </TVGuide> 
  <FullscreenLiveTV>
    <keyboard>
      <pageup>ChannelUp</pageup>
      <pagedown>ChannelDown</pagedown>
      <key id="61572">ChannelUp</key>						<!-- channel + (mapped to page up)-->
      <key id="61573">ChannelDown</key>						<!-- channel - (mapped to page down)-->  
    </keyboard>
  </FullscreenLiveTV>  
</keymap>