<favourites>
    <favourite name="Choose More" thumb="special://masterprofile/smashing/smashingfavourites/icons/actors.png">RunScript(special://masterprofile/smashing/smashingfavourites/scripts/smashingfavourites.py, choose)</favourite>
    <favourite name="Arnie" thumb="special://masterprofile/smashing/smashingfavourites/pathsubs/artwork/ActorThumbs/A/Arnold_Schwarzenegger_0000216.jpg">ActivateWindow(10025,&quot;special://profile/playlists/video/actors/Arnie.xsp&quot;,return)</favourite>
    <favourite name="Bruce Willis" thumb="special://masterprofile/smashing/smashingfavourites/pathsubs/artwork/ActorThumbs/B/Bruce_Willis_0000246.jpg">ActivateWindow(10025,&quot;special://profile/playlists/video/actors/Bruce Willis.xsp&quot;,return)</favourite>
    <favourite name="Clint Eastwood" thumb="special://masterprofile/smashing/smashingfavourites/pathsubs/artwork/ActorThumbs/C/Clint_Eastwood_0000142.jpg">ActivateWindow(10025,&quot;special://profile/playlists/video/actors/Clint Eastwood.xsp&quot;,return)</favourite>
    <favourite name="Jason Statham" thumb="special://masterprofile/smashing/smashingfavourites/pathsubs/artwork/ActorThumbs/J/Jason_Statham_0005458.jpg">ActivateWindow(10025,&quot;special://profile/playlists/video/actors/Jason Statham.xsp&quot;,return)</favourite>
    <favourite name="Simon Pegg" thumb="special://masterprofile/smashing/smashingfavourites/pathsubs/artwork/ActorThumbs/S/Simon_Pegg_0670408.jpg">ActivateWindow(10025,&quot;special://profile/playlists/video/actors/Simon Pegg.xsp&quot;,return)</favourite>
    <favourite name="Stallone" thumb="special://masterprofile/smashing/smashingfavourites/pathsubs/artwork/ActorThumbs/S/Sylvester_Stallone_0000230.jpg">ActivateWindow(10025,&quot;special://profile/playlists/video/actors/Stallone.xsp&quot;,return)</favourite>
    <favourite name="Tom Cruise" thumb="special://masterprofile/smashing/smashingfavourites/pathsubs/artwork/ActorThumbs/T/Tom_Cruise_0000129.jpg">ActivateWindow(10025,&quot;special://profile/playlists/video/actors/Tom Cruise.xsp&quot;,return)</favourite>
</favourites>
<!--name is Custom.smashing.actors2150--><!--Actors-->