<?xml version='1.0' encoding='UTF-8' standalone='yes'?>
<addon id="service.library.data.provider" name="Library Data Provider disabled" provider-name="Me" version="5.9.9">
	<requires>
		<import addon="xbmc.addon" version="16.9.701"/>
		<import addon="xbmc.json" version="7.9.0"/>
		<import addon="xbmc.python" version="2.25.0"/>
		<import addon="script.module.simplejson" version="3.3.0"/>
	</requires>
	<extension point="xbmc.python.pluginsource" library="default.py" />
	<extension library="service.py" point="xbmc.service" start="login" />
	<extension point="xbmc.addon.metadata">
		<summary lang="en">Does bugger all</summary>
		<description lang="en">Does bugger all</description>
		<disclaimer lang="en">Whatever</disclaimer>
		<platform>all</platform>
		<language />
		<license>to.kill</license>
		<forum>no.chance</forum>
		<website>not.ever</website>
		<email>are.you.kidding?</email>
		<source>where.the.sun.doesnt.shine</source>
	</extension>
</addon>
