<?xml version="1.0" encoding="UTF-8"?>
<keymap>
  <Music>
    <keyboard>
      <zero>Number0</zero>	  
      <one>Number1</one>
      <two>JumpSMS2</two>
      <three>JumpSMS3</three>
      <four>JumpSMS4</four>
      <five>JumpSMS5</five>
      <six>JumpSMS6</six>
      <seven>JumpSMS7</seven>
      <eight>JumpSMS8</eight>
      <nine>JumpSMS9</nine>	
    </keyboard>
    <remote>
      <zero>Number0</zero>	  
      <one>Number1</one>
      <two>JumpSMS2</two>
      <three>JumpSMS3</three>
      <four>JumpSMS4</four>
      <five>JumpSMS5</five>
      <six>JumpSMS6</six>
      <seven>JumpSMS7</seven>
      <eight>JumpSMS8</eight>
      <nine>JumpSMS9</nine>	
    </remote>	
  </Music>
  <Videos>
    <keyboard>
      <zero>Number0</zero>	  
      <one>Number1</one>
      <two>JumpSMS2</two>
      <three>JumpSMS3</three>
      <four>JumpSMS4</four>
      <five>JumpSMS5</five>
      <six>JumpSMS6</six>
      <seven>JumpSMS7</seven>
      <eight>JumpSMS8</eight>
      <nine>JumpSMS9</nine>	
    </keyboard>
    <remote>
      <zero>Number0</zero>	  
      <one>Number1</one>
      <two>JumpSMS2</two>
      <three>JumpSMS3</three>
      <four>JumpSMS4</four>
      <five>JumpSMS5</five>
      <six>JumpSMS6</six>
      <seven>JumpSMS7</seven>
      <eight>JumpSMS8</eight>
      <nine>JumpSMS9</nine>	
    </remote>	
  </Videos>
</keymap>