<?xml version="1.0" encoding="UTF-8"?>
<keymap>
  <global>
    <keyboard>
#      <zero>Number0</zero>	  
      <zero>PreviousMenu</zero>
#      <one>Number1</one>
#      <two>JumpSMS2</two>
      <two>ActivateWindow(Favourites)</two>	  	  
#      <three>JumpSMS3</three>
      <three>ActivateWindow(Favourites,return)</three>	  
#      <four>JumpSMS4</four>
      <four>RunScript(special://masterprofile/smashing/smashingfavourites/scripts/audiofavourites.py)</four>	  	  
#      <five>JumpSMS5</five>
      <five>RunScript(special://masterprofile/smashing/smashingfavourites/scripts/realfavourites.py)</five>	  
#      <six>JumpSMS6</six>
      <six>RunScript(special://masterprofile/smashing/smashingfavourites/scripts/smashingfavourites.py, audio)</six>	  
#      <seven>JumpSMS7</seven>
      <seven>RunScript(special://masterprofile/smashing/smashingfavourites/scripts/smashingfavourites.py, tv)</seven>	  
#      <eight>JumpSMS8</eight>
      <eight>RunScript(special://masterprofile/smashing/smashingfavourites/scripts/smashingfavourites.py, letters)</eight>	  
#      <nine>JumpSMS9</nine>
      <nine>Notification(default, keymap)</nine>   	 
      <one>ActivateWindow(10025,&quot;plugin://plugin.program.super.favourites/?label=Audio&amp;mode=400&amp;path=special%3A%2F%2Fprofile%2Faddon_data%2Fplugin.program.super.favourites%2FSuper%20Favourites%2FAudio&amp;sf_options=fanart%3Dspecial%3A%2F%2Fhome%2Faddons%2Fplugin.program.super.favourites%2Ffanart.jpg%26_options_sf&quot;,return)</one>	  
      <scrolllock>RunScript(script.channelgroups.keymap)</scrolllock>  	  
      <h>RunScript(script.guidegroups.keymap)</h>
  	  <z>ActivateWindow(Home)</z>  
    </keyboard>
  </global>
  <MyTVChannels>
    <keyboard>
      <key id="61486">nextchannelgroup</key>							<!-- Skip fwd  (mapped to next track)-->
      <key id="61484">previouschannelgroup</key>						<!-- Skip back (mapped to previous track)-->
    </keyboard>
  </MyTVChannels>  
  <TVGuide>
    <keyboard>
      <key id="61486">nextchannelgroup</key>						  <!-- Skip fwd  (mapped to next track)-->
      <key id="61484">previouschannelgroup</key>					  <!-- Skip back (mapped to previous track)-->
    </keyboard>
  </TVGuide>  
  <FullscreenVideo>
    <keyboard>
      <zero>Number0</zero>
      <one>Number1</one>
      <two>Number2</two>
      <three>Number3</three>
      <four>Number4</four>
      <five>Number5</five>
      <six>Number6</six>
      <seven>Number7</seven>
      <eight>Number8</eight>
      <nine>Number9</nine>
	  <left>Seek(-30)</left>
      <right>Seek(30)</right>
      <up>Seek(1000)</up>	
      <down>Seek(-1000)</down>    
      <key id="61484">Seek(-10)</key>						<!-- Skip back (mapped to previous track)-->
      <key id="61486">Seek(10)</key>	  <!-- Skip fwd  (mapped to next track)-->
  	  <z>ActivateWindow(Home)</z>	  
    </keyboard>
  </FullscreenVideo>
  <MyVideoLibrary>
    <keyboard>
       <right mod="longpress">RunScript(special://masterprofile/smashing/smashingfavourites/scripts/smashingfavourites.py, letters)</right>     
    </keyboard>
  </MyVideoLibrary>  
  <SlideShow>
    <keyboard>
      <zero>ZoomNormal</zero>
      <one>ZoomLevel1</one>
      <two>ZoomLevel2</two>
      <three>ZoomLevel3</three>
      <four>ZoomLevel4</four>
      <five>ZoomLevel5</five>
      <six>ZoomLevel6</six>
      <seven>ZoomLevel7</seven>
      <eight>ZoomLevel8</eight>
      <nine>ZoomLevel9</nine>	 	  
    </keyboard>	  
  </SlideShow>
  <VideoMenu>
    <keyboard>
      <zero>Number0</zero>
      <one>Number1</one>
      <two>Number2</two>
      <three>Number3</three>
      <four>Number4</four>
      <five>Number5</five>
      <six>Number6</six>
      <seven>Number7</seven>
      <eight>Number8</eight>
      <nine>Number9</nine>
   	  <z>ActivateWindow(Home)</z>	  
    </keyboard>
  </VideoMenu>
  <NumericInput>
    <keyboard>
      <zero>Number0</zero>
      <one>Number1</one>
      <two>Number2</two>
      <three>Number3</three>
      <four>Number4</four>
      <five>Number5</five>
      <six>Number6</six>
      <seven>Number7</seven>
      <eight>Number8</eight>
      <nine>Number9</nine>	  
    </keyboard>
  </NumericInput>
  <Teletext>
    <keyboard>
      <zero>number0</zero>
      <one>number1</one>
      <two>number2</two>
      <three>number3</three>
      <four>number4</four>
      <five>number5</five>
      <six>number6</six>
      <seven>number7</seven>
      <eight>number8</eight>
      <nine>number9</nine> 	  
    </keyboard>
  </Teletext>
  <PVROSDChannels>
    <keyboard>
      <zero>Number0</zero>
      <one>Number1</one>
      <two>number2</two>
      <three>number3</three>
      <four>number4</four>
      <five>number5</five>
      <six>number6</six>
      <seven>number7</seven>
      <eight>number8</eight>
      <nine>number9</nine>	 	  
    </keyboard>
  </PVROSDChannels>  
  <PVROSDGuide>
    <keyboard>
      <zero>Number0</zero>
      <one>Number1</one>
      <two>number2</two>
      <three>number3</three>
      <four>number4</four>
      <five>number5</five>
      <six>number6</six>
      <seven>number7</seven>
      <eight>number8</eight>
      <nine>number9</nine>  
    </keyboard>
  </PVROSDGuide>
  <TVChannels>
    <keyboard>
      <zero>Number0</zero>
      <one>Number1</one>
      <two>number2</two>
      <three>number3</three>
      <four>number4</four>
      <five>number5</five>
      <six>number6</six>
      <seven>number7</seven>
      <eight>number8</eight>
      <nine>number9</nine> 	  
    </keyboard>
  </TVChannels>
  <TVGuide>
    <keyboard>
      <zero>Number0</zero>
      <one>Number1</one>
      <two>number2</two>
      <three>number3</three>
      <four>number4</four>
      <five>number5</five>
      <six>number6</six>
      <seven>number7</seven>
      <eight>number8</eight>
      <nine>number9</nine>	  
    </keyboard>
  </TVGuide>
  <RadioChannels>
    <keyboard>
      <zero>Number0</zero>
      <one>Number1</one>
      <two>number2</two>
      <three>number3</three>
      <four>number4</four>
      <five>number5</five>
      <six>number6</six>
      <seven>number7</seven>
      <eight>number8</eight>
      <nine>number9</nine>  
    </keyboard>
  </RadioChannels>  
  <FullscreenLiveTV>
    <keyboard>
      <pageup>ChannelUp</pageup>
      <pagedown>ChannelDown</pagedown>
      <key id="61572">ChannelUp</key>						<!-- channel + (mapped to page up)-->
      <key id="61573">ChannelDown</key>						<!-- channel - (mapped to page down)-->  
    </keyboard>
  </FullscreenLiveTV>  
</keymap>
