<favourites>
    <favourite name="Choose More" thumb="special://masterprofile/smashing/smashingfavourites/icons/resumeplayback.png">RunScript(special://masterprofile/smashing/smashingfavourites/scripts/smashingfavourites.py, choose)</favourite>
    <favourite name="Autoresume settings" thumb="special://masterprofile/smashing/smashingfavourites/icons/resumeplayback.png">RunScript(special://masterprofile/smashing/smashingfavourites/scripts/automatedscripts/getaddonsettings.py, service.autoresume)</favourite>
    <favourite name="Autoresume config" thumb="special://masterprofile/smashing/smashingfavourites/icons/resumeplayback.png">RunScript(special://masterprofile/smashing/smashingfavourites/scripts/automatedscripts/getaddonsettings.py, service.autoresume,config)</favourite>
    <favourite name="Last played settings" thumb="special://masterprofile/smashing/smashingfavourites/icons/resumeplayback.png">RunScript(special://masterprofile/smashing/smashingfavourites/scripts/automatedscripts/getaddonsettings.py, plugin.video.last_played)</favourite>
    <favourite name="Last played config" thumb="special://masterprofile/smashing/smashingfavourites/icons/resumeplayback.png">RunScript(special://masterprofile/smashing/smashingfavourites/scripts/automatedscripts/getaddonsettings.py, plugin.video.last_played,config)</favourite>
    <favourite name="Last played local" thumb="special://masterprofile/smashing/smashingfavourites/icons/resumeplayback.png">RunScript(special://masterprofile/smashing/smashingfavourites/scripts/utilityscripts/resumelastplayed.py)</favourite>
    <favourite name="Local music" thumb="special://masterprofile/smashing/smashingfavourites/icons/resumeplayback.png">RunScript(special://masterprofile/smashing/smashingfavourites/scripts/utilityscripts/resumelastplayed.py,music)</favourite>
    <favourite name="Local music from start" thumb="special://masterprofile/smashing/smashingfavourites/icons/resumeplayback.png">RunScript(special://masterprofile/smashing/smashingfavourites/scripts/utilityscripts/resumelastplayed.py,music,start)</favourite>
    <favourite name="Local video" thumb="special://masterprofile/smashing/smashingfavourites/icons/resumeplayback.png">RunScript(special://masterprofile/smashing/smashingfavourites/scripts/utilityscripts/resumelastplayed.py,video)</favourite>
    <favourite name="Local video from start" thumb="special://masterprofile/smashing/smashingfavourites/icons/resumeplayback.png">RunScript(special://masterprofile/smashing/smashingfavourites/scripts/utilityscripts/resumelastplayed.py,video,start)</favourite>
    <favourite name="Central" thumb="special://masterprofile/smashing/smashingfavourites/icons/resumeplayback.png">RunScript(special://masterprofile/smashing/smashingfavourites/scripts/utilityscripts/resumelastplayed.py,central)</favourite>
    <favourite name="Central music" thumb="special://masterprofile/smashing/smashingfavourites/icons/resumeplayback.png">RunScript(special://masterprofile/smashing/smashingfavourites/scripts/utilityscripts/resumelastplayed.py,central,music)</favourite>
    <favourite name="Central music from start" thumb="special://masterprofile/smashing/smashingfavourites/icons/resumeplayback.png">RunScript(special://masterprofile/smashing/smashingfavourites/scripts/utilityscripts/resumelastplayed.py,central,music,start)</favourite>
    <favourite name="Central video" thumb="special://masterprofile/smashing/smashingfavourites/icons/resumeplayback.png">RunScript(special://masterprofile/smashing/smashingfavourites/scripts/utilityscripts/resumelastplayed.py,central,video)</favourite>
    <favourite name="Central video from start" thumb="special://masterprofile/smashing/smashingfavourites/icons/resumeplayback.png">RunScript(special://masterprofile/smashing/smashingfavourites/scripts/utilityscripts/resumelastplayed.py,central,video,start)</favourite>
</favourites>
<!--name is Custom.smashing.resumeplayback2183--><!--Resume Playback-->