<favourites>
    <favourite name="Choose More" thumb="special://masterprofile/smashing/smashingfavourites/icons/utilities.png">RunScript(special://masterprofile/smashing/smashingfavourites/scripts/smashingfavourites.py, choose)</favourite>
    <favourite name="Enable addons" thumb="special://masterprofile/smashing/smashingfavourites/icons/utilities.png">RunScript(special://masterprofile/smashing/smashingfavourites/scripts/utilityscripts/enableaddons.py)</favourite>
    <favourite name="Enable an addon" thumb="special://masterprofile/smashing/smashingfavourites/icons/utilities.png">RunScript(special://masterprofile/smashing/smashingfavourites/scripts/utilityscripts/enableanaddon.py)</favourite>
    <favourite name="Disable an addon" thumb="special://masterprofile/smashing/smashingfavourites/icons/utilities.png">RunScript(special://masterprofile/smashing/smashingfavourites/scripts/utilityscripts/enableanaddon.py, disable)</favourite>
    <favourite name="Disable a user addon" thumb="special://masterprofile/smashing/smashingfavourites/icons/utilities.png">RunScript(special://masterprofile/smashing/smashingfavourites/scripts/utilityscripts/enableanaddon.py, disable, user)</favourite>
    <favourite name="Enable a pvr addon" thumb="special://masterprofile/smashing/smashingfavourites/icons/utilities.png">RunScript(special://masterprofile/smashing/smashingfavourites/scripts/utilityscripts/enableanaddon.py, enable, pvr)</favourite>
    <favourite name="Disable a pvr addon" thumb="special://masterprofile/smashing/smashingfavourites/icons/utilities.png">RunScript(special://masterprofile/smashing/smashingfavourites/scripts/utilityscripts/enableanaddon.py, disable, pvr)</favourite>
    <favourite name="Force enable a pvr addon" thumb="special://masterprofile/smashing/smashingfavourites/icons/utilities.png">RunScript(special://masterprofile/smashing/smashingfavourites/scripts/utilityscripts/enableanaddon.py, enable, pvr, force)</favourite>
    <favourite name="Force disable a pvr addon" thumb="special://masterprofile/smashing/smashingfavourites/icons/utilities.png">RunScript(special://masterprofile/smashing/smashingfavourites/scripts/utilityscripts/enableanaddon.py, disable, pvr, force)</favourite>
    <favourite name="Enable all pvr addons" thumb="special://masterprofile/smashing/smashingfavourites/icons/utilities.png">RunScript(special://masterprofile/smashing/smashingfavourites/scripts/utilityscripts/enableanaddon.py, enable, pvr, all)</favourite>
    <favourite name="Disable all pvr addons" thumb="special://masterprofile/smashing/smashingfavourites/icons/utilities.png">RunScript(special://masterprofile/smashing/smashingfavourites/scripts/utilityscripts/enableanaddon.py, disable, pvr, all)</favourite>
    <favourite name="Enable radio addon" thumb="special://masterprofile/smashing/smashingfavourites/icons/utilities.png">RunScript(special://masterprofile/smashing/smashingfavourites/scripts/utilityscripts/enableanaddon.py, enable, force, plugin.audio.radio_de)</favourite>
    <favourite name="Disable radio addon" thumb="special://masterprofile/smashing/smashingfavourites/icons/utilities.png">RunScript(special://masterprofile/smashing/smashingfavourites/scripts/utilityscripts/enableanaddon.py, disable, force, plugin.audio.radio_de)</favourite>
    <favourite name="Enable a service addon" thumb="special://masterprofile/smashing/smashingfavourites/icons/utilities.png">RunScript(special://masterprofile/smashing/smashingfavourites/scripts/utilityscripts/enableanaddon.py, enable, service)</favourite>
    <favourite name="Disable a service addon" thumb="special://masterprofile/smashing/smashingfavourites/icons/utilities.png">RunScript(special://masterprofile/smashing/smashingfavourites/scripts/utilityscripts/enableanaddon.py, disable, service)</favourite>
    <favourite name="Test disable except pvr, service, conf, radio" thumb="special://masterprofile/smashing/smashingfavourites/icons/utilities.png">RunScript(special://masterprofile/smashing/smashingfavourites/scripts/utilityscripts/enableanaddon.py, disable, exclude, conf, service, pvr, repo)</favourite>
    <favourite name="Test enable if include pvr, service, conf, radio" thumb="special://masterprofile/smashing/smashingfavourites/icons/utilities.png">RunScript(special://masterprofile/smashing/smashingfavourites/scripts/utilityscripts/enableanaddon.py, enable, include, conf, service, pvr, repo)</favourite>
    <favourite name="Test choose user-installed skinto disable" thumb="special://masterprofile/smashing/smashingfavourites/icons/utilities.png">RunScript(special://masterprofile/smashing/smashingfavourites/scripts/utilityscripts/enableanaddon.py, disable, include, skin, user)</favourite>
    <favourite name="Test remove an addon folder" thumb="special://masterprofile/smashing/smashingfavourites/icons/utilities.png">RunScript(special://masterprofile/smashing/smashingfavourites/scripts/utilityscripts/enableanaddon.py, deleteaddonfolder, forceuserfalseifwindows)</favourite>
    <favourite name="Update local addons" thumb="special://masterprofile/smashing/smashingfavourites/icons/utilities.png">RunScript(special://masterprofile/smashing/smashingfavourites/scripts/utilityscripts/updatelocaladdons.py)</favourite>
    <favourite name="Update repositories" thumb="special://masterprofile/smashing/smashingfavourites/icons/kodifunctions.png">RunScript(special://masterprofile/smashing/smashingfavourites/scripts/utilityscripts/updaterepos.py)</favourite>
    <favourite name="reload keymaps" thumb="special://masterprofile/smashing/smashingfavourites/icons/utilities.png">RunScript(special://masterprofile/smashing/smashingfavourites/scripts/keymaps/reloadkeymaps.py)</favourite>
    <favourite name="update pvr.iptvsimplefab" thumb="special://masterprofile/smashing/smashingfavourites/icons/utilities.png">RunScript(special://masterprofile/smashing/smashingfavourites/scripts/utilityscripts/clonepvr.iptvsimple.py)</favourite>
    <favourite name="testdeleteoldclone" thumb="special://masterprofile/smashing/smashingfavourites/icons/utilities.png">RunScript(special://masterprofile/smashing/smashingfavourites/scripts/utilityscripts/testdeleteoldclone.py)</favourite>
    <favourite name="testgetaddonversion" thumb="special://masterprofile/smashing/smashingfavourites/icons/utilities.png">RunScript(special://masterprofile/smashing/smashingfavourites/scripts/utilityscripts/testgetaddonversion.py, pvr.iptvsimple, pvr.iptvsimplefab)</favourite>
    <favourite name="testcloneaddon" thumb="special://masterprofile/smashing/smashingfavourites/icons/utilities.png">RunScript(special://masterprofile/smashing/smashingfavourites/scripts/utilityscripts/smashingcloneaddon.py, pvr.iptvsimple, pvr.iptvsimplefab, PVR IPTV Simple Client fab)</favourite>
    <favourite name="testclonepvr.iptvsimple - force" thumb="special://masterprofile/smashing/smashingfavourites/icons/utilities.png">RunScript(special://masterprofile/smashing/smashingfavourites/scripts/utilityscripts/smashingcloneaddon.py, pvr.iptvsimple, pvr.iptvsimplefab, PVR IPTV Simple Client fab, force)</favourite>
    <favourite name="testclonexonfluence - force" thumb="special://masterprofile/smashing/smashingfavourites/icons/utilities.png">RunScript(special://masterprofile/smashing/smashingfavourites/scripts/utilityscripts/smashingcloneaddon.py, skin.xonfluence, skin.xonfluencemess, xonfluence mess, force)</favourite>
    <favourite name="testclonechoose" thumb="special://masterprofile/smashing/smashingfavourites/icons/utilities.png">RunScript(special://masterprofile/smashing/smashingfavourites/scripts/utilityscripts/smashingcloneaddon.py, choose)</favourite>
    <favourite name="Cache all artwork" thumb="special://masterprofile/smashing/smashingfavourites/icons/utilities.png">RunScript(special://masterprofile/smashing/smashingfavourites/scripts/utilityscripts/texturecache/shell.py,./texturecache.py,c)</favourite>
    <favourite name="Mount flash read only" thumb="special://masterprofile/smashing/smashingfavourites/icons/utilities.png">RunScript(special://masterprofile/smashing/smashingfavourites/scripts/shell/startshell.py, makeflashro)</favourite>
    <favourite name="Mount flash read write" thumb="special://masterprofile/smashing/smashingfavourites/icons/utilities.png">RunScript(special://masterprofile/smashing/smashingfavourites/scripts/shell/startshell.py, makeflashrw)</favourite>
    <favourite name="Check window and focus" thumb="special://masterprofile/smashing/smashingfavourites/icons/utilities.png">RunScript(special://masterprofile/smashing/smashingfavourites/scripts/utilityscripts/checkwindowandfocus.py)</favourite>
    <favourite name="Step back to home" thumb="special://masterprofile/smashing/smashingfavourites/icons/utilities.png">RunScript(special://masterprofile/smashing/smashingfavourites/scripts/utilityscripts/backtohome.py)</favourite>
    <favourite name="Step back to home v2" thumb="special://masterprofile/smashing/smashingfavourites/icons/utilities.png">RunScript(special://masterprofile/smashing/smashingfavourites/scripts/utilityscripts/backtohome2.py)</favourite>
    <favourite name="Set port" thumb="special://masterprofile/smashing/smashingfavourites/icons/utilities.png">RunScript(special://masterprofile/smashing/smashingfavourites/scripts/utilityscripts/setport.py)</favourite>
    <favourite name="Last played local" thumb="special://masterprofile/smashing/smashingfavourites/icons/utilities.png">RunScript(special://masterprofile/smashing/smashingfavourites/scripts/utilityscripts/resumelastplayed.py)</favourite>
    <favourite name="Last played central" thumb="special://masterprofile/smashing/smashingfavourites/icons/utilities.png">RunScript(special://masterprofile/smashing/smashingfavourites/scripts/utilityscripts/resumelastplayed.py,central)</favourite>
    <favourite name="Last played local music" thumb="special://masterprofile/smashing/smashingfavourites/icons/utilities.png">RunScript(special://masterprofile/smashing/smashingfavourites/scripts/utilityscripts/resumelastplayed.py,music)</favourite>
    <favourite name="Last played local video" thumb="special://masterprofile/smashing/smashingfavourites/icons/utilities.png">RunScript(special://masterprofile/smashing/smashingfavourites/scripts/utilityscripts/resumelastplayed.py,video)</favourite>
    <favourite name="Last played central music from start" thumb="special://masterprofile/smashing/smashingfavourites/icons/utilities.png">RunScript(special://masterprofile/smashing/smashingfavourites/scripts/utilityscripts/resumelastplayed.py,central,music,start)</favourite>
    <favourite name="Last played central video" thumb="special://masterprofile/smashing/smashingfavourites/icons/utilities.png">RunScript(special://masterprofile/smashing/smashingfavourites/scripts/utilityscripts/resumelastplayed.py,central,video)</favourite>
</favourites>
<!--name is Custom.smashing.utilities2170--><!--Utilities-->