<favourites>
    <favourite name="All options" thumb="special://masterprofile/smashing/smashingfavourites/icons/choose.png">RunScript(special://masterprofile/smashing/smashingfavourites/scripts/smashingfavourites.py, alloptions)</favourite>
    <favourite name="Power" thumb="special://masterprofile/smashing/smashingfavourites/icons/choose.png">RunScript(special://masterprofile/smashing/smashingfavourites/scripts/smashingfavourites.py, power)</favourite>
    <favourite name="TV" thumb="special://masterprofile/smashing/smashingfavourites/icons/choose.png">RunScript(special://masterprofile/smashing/smashingfavourites/scripts/smashingfavourites.py, tv)</favourite>
    <favourite name="Music" thumb="special://masterprofile/smashing/smashingfavourites/icons/choose.png">RunScript(special://masterprofile/smashing/smashingfavourites/scripts/smashingfavourites.py, music)</favourite>
    <favourite name="Letters" thumb="special://masterprofile/smashing/smashingfavourites/icons/choose.png">RunScript(special://masterprofile/smashing/smashingfavourites/scripts/smashingfavourites.py, letters)</favourite>
	<favourite name="Playlists" thumb="special://masterprofile/smashing/smashingfavourites/icons/choose.png">ActivateWindow(Videos,special://masterprofile/playlists/video)</favourite>
    <favourite name="Actors" thumb="special://masterprofile/smashing/smashingfavourites/icons/choose.png">RunScript(special://masterprofile/smashing/smashingfavourites/scripts/smashingfavourites.py, actors)</favourite>
    <favourite name="Years" thumb="special://masterprofile/smashing/smashingfavourites/icons/choose.png">ActivateWindow(Videos,special://masterprofile/playlists/video/years)</favourite>
</favourites>
<!--name is Custom.smashing.choose2154-->