<favourites>
    <favourite name="Choose More" thumb="special://masterprofile/smashing/smashingfavourites/icons/general.png">RunScript(special://masterprofile/smashing/smashingfavourites/scripts/smashingfavourites.py, choose)</favourite>
    <favourite name="Home videos">ActivateWindow(10025,&quot;smb://192.168.1.2/BigEdge2/Video/Home videos/&quot;,return)</favourite>
    <favourite name="Start TV">StartPVRManager</favourite>
    <favourite name="Stop TV">StopPVRManager</favourite>
    <favourite name="Favourites">ActivateWindow(Favourites)</favourite>
    <favourite name="Music">ActivateWindow(10502,&quot;smb://192.168.1.2/BigEdge2/Music/&quot;,return)</favourite>
    <favourite name="Music - Artists">ActivateWindow(10502,&quot;smb://Source Music/Artists/&quot;,return)</favourite>
    <favourite name="Music - Christmas">ActivateWindow(10502,&quot;smb://Source Music/Christmas/&quot;,return)</favourite>
    <favourite name="Music - Compilations">ActivateWindow(10502,&quot;smb://Source Music/Compilations/&quot;,return)</favourite>
    <favourite name="Music - OSTs">ActivateWindow(10502,&quot;smb://Source Music/OSTs/&quot;,return)</favourite>
    <favourite name="Music - Singles">ActivateWindow(10502,&quot;smb://Source Music/Singles/&quot;,return)</favourite>
    <favourite name="My Stations">ActivateWindow(10502,&quot;plugin://plugin.audio.radio_de/stations/my/&quot;,return)</favourite>
    <favourite name="BBC Two HD" thumb="http://127.0.0.1:8089/logos/bbc+two+hd.jpg">PlayMedia(&quot;upnp://F783CB20-4FB6-4B29-AC46-3D3CE7516BA7/t%23a%2300000%2300001/&quot;)</favourite>
    <favourite name="Channel 1 - Sky Sports News">PlayMedia(&quot;plugin://plugin.video.mysports/?url=rtmp%3A%2F%2Fvdn.hd-streaming.tv%3A443%2Flive+playpath%3Dchannel1%3Fs%3D6hfu0+app%3Dlive+live%3Dtrue&amp;mode=30&amp;name=Channel+1+-+Sky+Sports+News&amp;sf_options=winID%3D10001%26_options_sf&quot;)</favourite>
    <favourite name="Channel 2 - Sky Sports 1">PlayMedia(&quot;plugin://plugin.video.mysports/?url=rtmp%3A%2F%2Fvdn.hd-streaming.tv%3A443%2Flive+playpath%3Dchannel2%3Fs%3D6hfu0+app%3Dlive+live%3Dtrue&amp;mode=30&amp;name=Channel+2+-+Sky+Sports+1&amp;sf_options=winID%3D10001%26_options_sf&quot;)</favourite>
    <favourite name="Channel 3 - Sky Sports 2">PlayMedia(&quot;plugin://plugin.video.mysports/?url=rtmp%3A%2F%2Fvdn.hd-streaming.tv%3A443%2Flive+playpath%3Dchannel3%3Fs%3D6hfu0+app%3Dlive+live%3Dtrue&amp;mode=30&amp;name=Channel+3+-+Sky+Sports+2&amp;sf_options=winID%3D10001%26_options_sf&quot;)</favourite>
    <favourite name="Channel 4 - Sky  Sports 3">PlayMedia(&quot;plugin://plugin.video.mysports/?url=rtmp%3A%2F%2Fvdn.hd-streaming.tv%3A443%2Flive+playpath%3Dchannel4%3Fs%3D6hfu0+app%3Dlive+live%3Dtrue&amp;mode=30&amp;name=Channel+4+-+Sky++Sports+3&amp;sf_options=winID%3D10001%26_options_sf&quot;)</favourite>
    <favourite name="Channel 5 - Sky Sports 4">PlayMedia(&quot;plugin://plugin.video.mysports/?url=rtmp%3A%2F%2Fvdn.hd-streaming.tv%3A443%2Flive+playpath%3Dchannel5%3Fs%3D6hfu0+app%3Dlive+live%3Dtrue&amp;mode=30&amp;name=Channel+5+-+Sky+Sports+4&amp;sf_options=winID%3D10001%26_options_sf&quot;)</favourite>
    <favourite name="Channel 6 - Sky Sports 5">PlayMedia(&quot;plugin://plugin.video.mysports/?url=rtmp%3A%2F%2Fvdn.hd-streaming.tv%3A443%2Flive+playpath%3Dchannel6%3Fs%3D6hfu0+app%3Dlive+live%3Dtrue&amp;mode=30&amp;name=Channel+6+-+Sky+Sports+5&amp;sf_options=winID%3D10001%26_options_sf&quot;)</favourite>
    <favourite name="Channel 7 - Sky Sports F1">PlayMedia(&quot;plugin://plugin.video.mysports/?url=rtmp%3A%2F%2Fvdn.hd-streaming.tv%3A443%2Flive+playpath%3Dchannel7%3Fs%3D6hfu0+app%3Dlive+live%3Dtrue&amp;mode=30&amp;name=Channel+7+-+Sky+Sports+F1&amp;sf_options=winID%3D10001%26_options_sf&quot;)</favourite>
    <favourite name="Channel 8 - BT Sport 1">PlayMedia(&quot;plugin://plugin.video.mysports/?url=rtmp%3A%2F%2Fvdn.hd-streaming.tv%3A443%2Flive+playpath%3Dchannel8%3Fs%3D6hfu0+app%3Dlive+live%3Dtrue&amp;mode=30&amp;name=Channel+8+-+BT+Sport+1&amp;sf_options=winID%3D10001%26_options_sf&quot;)</favourite>
    <favourite name="Channel9 - BT Sport 2">PlayMedia(&quot;plugin://plugin.video.mysports/?url=rtmp%3A%2F%2Fvdn.hd-streaming.tv%3A443%2Flive+playpath%3Dchannel9%3Fs%3D6hfu0+app%3Dlive+live%3Dtrue&amp;mode=30&amp;name=Channel9+-+BT+Sport+2&amp;sf_options=winID%3D10001%26_options_sf&quot;)</favourite>
    <favourite name="Channel 10 - BT Sport Europe">PlayMedia(&quot;plugin://plugin.video.mysports/?url=rtmp%3A%2F%2Fvdn.hd-streaming.tv%3A443%2Flive+playpath%3Dchannel10%3Fs%3D6hfu0+app%3Dlive+live%3Dtrue&amp;mode=30&amp;name=Channel+10+-+BT+Sport+Europe&amp;sf_options=winID%3D10001%26_options_sf&quot;)</favourite>
    <favourite name="Channel 11 - BT Sport ESPN">PlayMedia(&quot;plugin://plugin.video.mysports/?url=rtmp%3A%2F%2Fvdn.hd-streaming.tv%3A443%2Flive+playpath%3Dchannel11%3Fs%3D6hfu0+app%3Dlive+live%3Dtrue&amp;mode=30&amp;name=Channel+11+-+BT+Sport+ESPN&amp;sf_options=winID%3D10001%26_options_sf&quot;)</favourite>
    <favourite name="Channel 12 - Setanta Sports 1">PlayMedia(&quot;plugin://plugin.video.mysports/?url=rtmp%3A%2F%2Fvdn.hd-streaming.tv%3A443%2Flive+playpath%3Dchannel12%3Fs%3D6hfu0+app%3Dlive+live%3Dtrue&amp;mode=30&amp;name=Channel+12+-+Setanta+Sports+1&amp;sf_options=winID%3D10001%26_options_sf&quot;)</favourite>
    <favourite name="Channel 13 - Setanta Sports Ireland">PlayMedia(&quot;plugin://plugin.video.mysports/?url=rtmp%3A%2F%2Fvdn.hd-streaming.tv%3A443%2Flive+playpath%3Dchannel13%3Fs%3D6hfu0+app%3Dlive+live%3Dtrue&amp;mode=30&amp;name=Channel+13+-+Setanta+Sports+Ireland&amp;sf_options=winID%3D10001%26_options_sf&quot;)</favourite>
    <favourite name="Channel 14 - Box Nation">PlayMedia(&quot;plugin://plugin.video.mysports/?url=rtmp%3A%2F%2Fvdn.hd-streaming.tv%3A443%2Flive+playpath%3Dchannel14%3Fs%3D6hfu0+app%3Dlive+live%3Dtrue&amp;mode=30&amp;name=Channel+14+-+Box+Nation&amp;sf_options=winID%3D10001%26_options_sf&quot;)</favourite>
    <favourite name="Channel 15 - Racing UK">PlayMedia(&quot;plugin://plugin.video.mysports/?url=rtmp%3A%2F%2Fvdn.hd-streaming.tv%3A443%2Flive+playpath%3Dchannel15%3Fs%3D6hfu0+app%3Dlive+live%3Dtrue&amp;mode=30&amp;name=Channel+15+-+Racing+UK&amp;sf_options=winID%3D10001%26_options_sf&quot;)</favourite>
    <favourite name="Channel 1 (SD) - Sky Sports News">PlayMedia(&quot;plugin://plugin.video.mysports/?url=rtmp%3A%2F%2Fvdn.hd-streaming.tv%3A443%2Flive+playpath%3Dchannel1-sd%3Fs%3D6hfu0+app%3Dlive+live%3Dtrue&amp;mode=30&amp;name=Channel+1+%28SD%29+-+Sky+Sports+News&amp;sf_options=winID%3D10001%26_options_sf&quot;)</favourite>
    <favourite name="Channel 2 (SD) - SSky Sports 1">PlayMedia(&quot;plugin://plugin.video.mysports/?url=rtmp%3A%2F%2Fvdn.hd-streaming.tv%3A443%2Flive+playpath%3Dchannel2-sd%3Fs%3D6hfu0+app%3Dlive+live%3Dtrue&amp;mode=30&amp;name=Channel+2+%28SD%29+-+SSky+Sports+1&amp;sf_options=winID%3D10001%26_options_sf&quot;)</favourite>
    <favourite name="Channel 3 (SD) - Sky Sports 2">PlayMedia(&quot;plugin://plugin.video.mysports/?url=rtmp%3A%2F%2Fvdn.hd-streaming.tv%3A443%2Flive+playpath%3Dchannel3-sd%3Fs%3D6hfu0+app%3Dlive+live%3Dtrue&amp;mode=30&amp;name=Channel+3+%28SD%29+-+Sky+Sports+2&amp;sf_options=winID%3D10001%26_options_sf&quot;)</favourite>
    <favourite name="Channel 4 (SD) - Sky  Sports 3">PlayMedia(&quot;plugin://plugin.video.mysports/?url=rtmp%3A%2F%2Fvdn.hd-streaming.tv%3A443%2Flive+playpath%3Dchannel4-sd%3Fs%3D6hfu0+app%3Dlive+live%3Dtrue&amp;mode=30&amp;name=Channel+4+%28SD%29+-+Sky++Sports+3&amp;sf_options=winID%3D10001%26_options_sf&quot;)</favourite>
    <favourite name="Channel 5 (SD) - Sky Sports 4">PlayMedia(&quot;plugin://plugin.video.mysports/?url=rtmp%3A%2F%2Fvdn.hd-streaming.tv%3A443%2Flive+playpath%3Dchannel5-sd%3Fs%3D6hfu0+app%3Dlive+live%3Dtrue&amp;mode=30&amp;name=Channel+5+%28SD%29+-+Sky+Sports+4&amp;sf_options=winID%3D10001%26_options_sf&quot;)</favourite>
    <favourite name="Channel 6 (SD) - Sky Sports 5">PlayMedia(&quot;plugin://plugin.video.mysports/?url=rtmp%3A%2F%2Fvdn.hd-streaming.tv%3A443%2Flive+playpath%3Dchannel6-sd%3Fs%3D6hfu0+app%3Dlive+live%3Dtrue&amp;mode=30&amp;name=Channel+6+%28SD%29+-+Sky+Sports+5&amp;sf_options=winID%3D10001%26_options_sf&quot;)</favourite>
    <favourite name="Channel 7 (SD) - Sky Sports F1">PlayMedia(&quot;plugin://plugin.video.mysports/?url=rtmp%3A%2F%2Fvdn.hd-streaming.tv%3A443%2Flive+playpath%3Dchannel7-sd%3Fs%3D6hfu0+app%3Dlive+live%3Dtrue&amp;mode=30&amp;name=Channel+7+%28SD%29+-+Sky+Sports+F1&amp;sf_options=winID%3D10001%26_options_sf&quot;)</favourite>
    <favourite name="Channel 8 (SD) - BT Sport 1">PlayMedia(&quot;plugin://plugin.video.mysports/?url=rtmp%3A%2F%2Fvdn.hd-streaming.tv%3A443%2Flive+playpath%3Dchannel8-sd%3Fs%3D6hfu0+app%3Dlive+live%3Dtrue&amp;mode=30&amp;name=Channel+8+%28SD%29+-+BT+Sport+1&amp;sf_options=winID%3D10001%26_options_sf&quot;)</favourite>
    <favourite name="Channel 9 (SD) - BT Sport 2">PlayMedia(&quot;plugin://plugin.video.mysports/?url=rtmp%3A%2F%2Fvdn.hd-streaming.tv%3A443%2Flive+playpath%3Dchannel9-sd%3Fs%3D6hfu0+app%3Dlive+live%3Dtrue&amp;mode=30&amp;name=Channel+9+%28SD%29+-+BT+Sport+2&amp;sf_options=winID%3D10001%26_options_sf&quot;)</favourite>
    <favourite name="Channel 10 (SD) - BT Sport Europe">PlayMedia(&quot;plugin://plugin.video.mysports/?url=rtmp%3A%2F%2Fvdn.hd-streaming.tv%3A443%2Flive+playpath%3Dchannel10-sd%3Fs%3D6hfu0+app%3Dlive+live%3Dtrue&amp;mode=30&amp;name=Channel+10+%28SD%29+-+BT+Sport+Europe&amp;sf_options=winID%3D10001%26_options_sf&quot;)</favourite>
    <favourite name="Channel 11 (SD) - BT Sport ESPN">PlayMedia(&quot;plugin://plugin.video.mysports/?url=rtmp%3A%2F%2Fvdn.hd-streaming.tv%3A443%2Flive+playpath%3Dchannel11-sd%3Fs%3D6hfu0+app%3Dlive+live%3Dtrue&amp;mode=30&amp;name=Channel+11+%28SD%29+-+BT+Sport+ESPN&amp;sf_options=winID%3D10001%26_options_sf&quot;)</favourite>
    <favourite name="Channel 12 (SD) - Setanta Sports 1">PlayMedia(&quot;plugin://plugin.video.mysports/?url=rtmp%3A%2F%2Fvdn.hd-streaming.tv%3A443%2Flive+playpath%3Dchannel12-sd%3Fs%3D6hfu0+app%3Dlive+live%3Dtrue&amp;mode=30&amp;name=Channel+12+%28SD%29+-+Setanta+Sports+1&amp;sf_options=winID%3D10001%26_options_sf&quot;)</favourite>
    <favourite name="Channel 13 (SD) - Setanta Sports Ireland">PlayMedia(&quot;plugin://plugin.video.mysports/?url=rtmp%3A%2F%2Fvdn.hd-streaming.tv%3A443%2Flive+playpath%3Dchannel13-sd%3Fs%3D6hfu0+app%3Dlive+live%3Dtrue&amp;mode=30&amp;name=Channel+13+%28SD%29+-+Setanta+Sports+Ireland&amp;sf_options=winID%3D10001%26_options_sf&quot;)</favourite>
    <favourite name="Channel 14 (SD) - Box Nation">PlayMedia(&quot;plugin://plugin.video.mysports/?url=rtmp%3A%2F%2Fvdn.hd-streaming.tv%3A443%2Flive+playpath%3Dchannel14-sd%3Fs%3D6hfu0+app%3Dlive+live%3Dtrue&amp;mode=30&amp;name=Channel+14+%28SD%29+-+Box+Nation&amp;sf_options=winID%3D10001%26_options_sf&quot;)</favourite>
    <favourite name="Channel 15 (SD) - Racing UK">PlayMedia(&quot;plugin://plugin.video.mysports/?url=rtmp%3A%2F%2Fvdn.hd-streaming.tv%3A443%2Flive+playpath%3Dchannel15-sd%3Fs%3D6hfu0+app%3Dlive+live%3Dtrue&amp;mode=30&amp;name=Channel+15+%28SD%29+-+Racing+UK&amp;sf_options=winID%3D10001%26_options_sf&quot;)</favourite>
    <favourite name="BBC One HD" thumb="http://127.0.0.1:8089/logos/bbc+one+hd.jpg">PlayMedia(&quot;upnp://F783CB20-4FB6-4B29-AC46-3D3CE7516BA7/t%23a%2300000%2300000/&quot;)</favourite>
    <favourite name="Xonfluence" thumb="NULL">ActivateWindow(10025,&quot;plugin://plugin.program.super.favourites/?label=Xonfluence&amp;mode=400&amp;path=special%3A%2F%2Fprofile%2Faddon_data%2Fplugin.program.super.favourites%2FSuper%20Favourites%5CXonfluence&amp;sf_options=fanart%3Dspecial%3A%2F%2Fhome%2Faddons%5Cplugin.program.super.favourites%5Cfanart.jpg%26_options_sf&quot;,return)</favourite>
    <favourite name="Restore">RunScript(script.skin.helper.service,action=restore,silent=special://profile/addon_data/xonfluencebackups/backup.zip)</favourite>
    <favourite name="Setanta Sports1">PlayMedia(&quot;pvr://channels/tv/All channels/pvr.dvbviewer_743.pvr&quot;)</favourite>
    <favourite name="PVR recordings Aspire">ActivateWindow(10025,&quot;smb://Source DVB Video/&quot;,return)</favourite>
    <favourite name="Google Photos">ActivateWindow(10002,&quot;smb://ASPIRE/Stuff/Google Drive/Google Photos/&quot;,return)</favourite>
    <favourite name="restartkodi">RunScript(script.restartkodi)</favourite>
    <favourite name="restarttoandroid">RunScript(script.restarttoandroid)</favourite>
    <favourite name="powerofftoandroid">RunScript(script.powerofftoandroid)</favourite>
    <favourite name="switchtolibreelec">RunScript(script.openelectolibreelec)</favourite>
    <favourite name="switchtoopenelec">RunScript(script.libreelectoopenelec)</favourite>
    <favourite name="BBC One HD" thumb="http://192.168.1.2:8089/Logos/bbc+one+hd.png">PlayMedia(&quot;pvr://channels/tv/All channels/pvr.dvbviewer_1.pvr&quot;)</favourite>
    <favourite name="Audio0 Toggle">RunScript(script.audio.profiles,0)</favourite>
    <favourite name="Audio1 HDMITV">RunScript(script.audio.profiles,1)</favourite>
    <favourite name="Audio2 Bluetooth">RunScript(script.audio.profiles,2)</favourite>
    <favourite name="Audio3 HDMIAmp">RunScript(script.audio.profiles,3)</favourite>
    <favourite name="Switch Audio">RunScript(/storage/.config/audioscripts/switchaudiotoggle.py)</favourite>
    <favourite name="Switch Bluetooth">RunScript(/storage/.config/audioscripts/switchaudiobluetooth.py)</favourite>
    <favourite name="Music">ActivateWindow(10502,&quot;smb://Source Music/&quot;,return)</favourite>
    <favourite name="LibreELEC Configuration" thumb="/usr/share/kodi/addons/service.libreelec.settings/icon.png">RunScript(service.libreelec.settings&quot;)</favourite>
    <favourite name="Guide Sky" thumb="special://masterprofile/smashing/smashingfavourites/icons/tv.png">RunScript(special://masterprofile/smashing/smashingfavourites/scripts/smashingtv.py,guide,Sky)</favourite>
    <favourite name="Channels Sport" thumb="special://masterprofile/smashing/smashingfavourites/icons/tv.png">RunScript(special://masterprofile/smashing/smashingfavourites/scripts/smashingtv.py,channels,sport)</favourite>
    <favourite name="Fab IPTV Catchup" thumb="special://home/addons\plugin.video.fabhosting\resources\art\vod.png">ActivateWindow(10025,&quot;plugin://plugin.video.fabhosting/?action=TheDev&amp;extra&amp;page&amp;plot&amp;thumbnail=E%3a%5cXBMC%20Stuff%5ckryptonmess%5cportable_data%5caddons%5cplugin.video.fabhosting%5cresources%5cart%5cvod.png&amp;title=Fab%20IPTV%20Catchup&amp;url&quot;,return)</favourite>
    <favourite name="alphabet" thumb="special://home/addons\plugin.program.super.favourites\icon.png">ActivateWindow(10001,&quot;plugin://plugin.program.super.favourites/?fanart=E%3a%5cXBMC%20Stuff%5ckryptonmess%5cportable_data%5caddons%5cplugin.program.super.favourites%5cfanart.jpg&amp;image=E%3a%5cXBMC%20Stuff%5ckryptonmess%5cportable_data%5caddons%5cplugin.program.super.favourites%5cicon.png&amp;label=alphabet&amp;mode=400&amp;path=special%3a%2f%2fprofile%2faddon_data%2fplugin.program.super.favourites%2fSuper%20Favourites%5calphabet&quot;,return)</favourite>
    <favourite name="letters" thumb="special://home/addons\plugin.program.super.favourites\icon.png">ActivateWindow(10001,&quot;plugin://plugin.program.super.favourites/?label=letters&amp;mode=400&amp;path=special%3A%2F%2Fprofile%2Faddon_data%2Fplugin.program.super.favourites%2FSuper%20Favourites%5Cletters&amp;sf_options=fanart%3Dspecial%3A%2F%2Fhome%2Faddons%5Cplugin.program.super.favourites%5Cfanart.jpg%26_options_sf&quot;,return)</favourite>
    <favourite name="letters">ActivateWindow(10001,&quot;plugin://plugin.program.simple.favourites/index_of/special%3A%2F%2Fprofile%2Faddon_data%2Fplugin.program.simple.favourites%2Ffolders%2Fletters%2F&quot;,return)</favourite>
    <favourite name="testrunfav">RunScript(special://masterprofile/smashing/smashingfavourites/scripts/testscripts/testfav.py)</favourite>
</favourites>
<!--name is Custom.smashing.general2155-->