<?xml version="1.0" encoding="UTF-8" standalone="yes"?>
<addon id="service.skin.widgets" name="Skin Widgets disabled" version="5.9.99" provider-name="Me">
    <requires>
        <import addon="xbmc.json" version="6.0.0"/>
        <import addon="xbmc.python" version="2.14.0"/>
        <import addon="script.module.simplejson" version="2.0.10"/>
    </requires>
    <extension point="xbmc.service" library="default.py" start="login"/>
    <extension point="xbmc.addon.metadata">
        <summary lang="en">Does bugger all</summary>
        <description lang="en">Does bugger all</description>
        <disclaimer lang="en">Whatever</disclaimer>
        <platform>all</platform>
        <license>to.irritate</license>
        <website></website>
        <forum>a.funny.thing.happened.on.the.way</forum>
        <source>my.bum</source>
        <email></email>
    </extension>
</addon>
