<favourites>
    <favourite name="Choose More" thumb="special://masterprofile/smashing/smashingfavourites/icons/tv.png">RunScript(special://masterprofile/smashing/smashingfavourites/scripts/smashingfavourites.py, choose)</favourite>
    <favourite name="smashing search test" thumb="special://masterprofile/smashing/smashingfavourites/icons/tv.png">RunScript(special://masterprofile/smashing/smashingfavourites/scripts/tvscripts/smashingstartpvr.py, search)</favourite>
    <favourite name="smashing radio test" thumb="special://masterprofile/smashing/smashingfavourites/icons/tv.png">RunScript(special://masterprofile/smashing/smashingfavourites/scripts/tvscripts/smashingstartpvr.py, radio)</favourite>
    <favourite name="smashing tvchannels test" thumb="special://masterprofile/smashing/smashingfavourites/icons/tv.png">RunScript(special://masterprofile/smashing/smashingfavourites/scripts/tvscripts/smashingstartpvr.py, channels)</favourite>
    <favourite name="smashing tvguide test" thumb="special://masterprofile/smashing/smashingfavourites/icons/tv.png">RunScript(special://masterprofile/smashing/smashingfavourites/scripts/tvscripts/smashingstartpvr.py, guide)</favourite>
    <favourite name="smashing guide sport test" thumb="special://masterprofile/smashing/smashingfavourites/icons/tv.png">RunScript(special://masterprofile/smashing/smashingfavourites/scripts/tvscripts/smashingstartpvr.py, pvr.dvbviewer, guide, group = Sport)</favourite>
    <favourite name="smashing guide kids test" thumb="special://masterprofile/smashing/smashingfavourites/icons/tv.png">RunScript(special://masterprofile/smashing/smashingfavourites/scripts/tvscripts/smashingstartpvr.py, pvr.dvbviewer, guide, group = Kids )</favourite>
    <favourite name="smashing channels sport test" thumb="special://masterprofile/smashing/smashingfavourites/icons/tv.png">RunScript(special://masterprofile/smashing/smashingfavourites/scripts/tvscripts/smashingstartpvr.py, pvr.dvbviewer, channels, group = Sport)</favourite>
    <favourite name="smashing channels kids test" thumb="special://masterprofile/smashing/smashingfavourites/icons/tv.png">RunScript(special://masterprofile/smashing/smashingfavourites/scripts/tvscripts/smashingstartpvr.py, pvr.dvbviewer, channels, group = Kids )</favourite>	
    <favourite name="smashing test radio" thumb="special://masterprofile/smashing/smashingfavourites/icons/tv.png">RunScript(special://masterprofile/smashing/smashingfavourites/scripts/tvscripts/testsmashingstartpvr.py, radio)</favourite>
    <favourite name="pvr Choose Channels" thumb="special://masterprofile/smashing/smashingfavourites/icons/tv.png">RunScript(special://masterprofile/smashing/smashingfavourites/scripts/tvscripts/startpvr.py,pvr.dvbviewer, channels, choose)</favourite>
    <favourite name="Choose Guide" thumb="special://masterprofile/smashing/smashingfavourites/icons/tv.png">RunScript(special://masterprofile/smashing/smashingfavourites/scripts/tvscripts/smashingtv.py,2,0)</favourite>
    <favourite name="All Channels" thumb="special://masterprofile/smashing/smashingfavourites/icons/tv.png">RunScript(special://masterprofile/smashing/smashingfavourites/scripts/tvscripts/smashingtv.py,1,1)</favourite>	
    <favourite name="Free" thumb="special://masterprofile/smashing/smashingfavourites/icons/tv.png">RunScript(special://masterprofile/smashing/smashingfavourites/scripts/tvscripts/smashingtv.py,1,2)</favourite>	
    <favourite name="Sport" thumb="special://masterprofile/smashing/smashingfavourites/icons/tv.png">RunScript(special://masterprofile/smashing/smashingfavourites/scripts/tvscripts/smashingtv.py,1,3)</favourite>	
    <favourite name="Interactive" thumb="special://masterprofile/smashing/smashingfavourites/icons/tv.png">RunScript(special://masterprofile/smashing/smashingfavourites/scripts/tvscripts/smashingtv.py,1,4)</favourite>	
    <favourite name="Kids" thumb="special://masterprofile/smashing/smashingfavourites/icons/tv.png">RunScript(special://masterprofile/smashing/smashingfavourites/scripts/tvscripts/smashingtv.py,1,5)</favourite>	
    <favourite name="Music" thumb="special://masterprofile/smashing/smashingfavourites/icons/tv.png">RunScript(special://masterprofile/smashing/smashingfavourites/scripts/tvscripts/smashingtv.py,1,6)</favourite>	
    <favourite name="International" thumb="special://masterprofile/smashing/smashingfavourites/icons/tv.png">RunScript(special://masterprofile/smashing/smashingfavourites/scripts/tvscripts/smashingtv.py,1,7)</favourite>
    <favourite name="News" thumb="special://masterprofile/smashing/smashingfavourites/icons/tv.png">RunScript(special://masterprofile/smashing/smashingfavourites/scripts/tvscripts/smashingtv.py,1,8)</favourite>	
    <favourite name="Films" thumb="special://masterprofile/smashing/smashingfavourites/icons/tv.png">RunScript(special://masterprofile/smashing/smashingfavourites/scripts/tvscripts/smashingtv.py,1,9)</favourite>
    <favourite name="Entertainment" thumb="special://masterprofile/smashing/smashingfavourites/icons/tv.png">RunScript(special://masterprofile/smashing/smashingfavourites/scripts/tvscripts/smashingtv.py,1,10)</favourite>	
    <favourite name="Sky" thumb="special://masterprofile/smashing/smashingfavourites/icons/tv.png">RunScript(special://masterprofile/smashing/smashingfavourites/scripts/tvscripts/smashingtv.py,1,11)</favourite>
    <favourite name="Documentary" thumb="special://masterprofile/smashing/smashingfavourites/icons/tv.png">RunScript(special://masterprofile/smashing/smashingfavourites/scripts/tvscripts/smashingtv.py,1,12)</favourite>	
    <favourite name="Guide All Channels" thumb="special://masterprofile/smashing/smashingfavourites/icons/tv.png">RunScript(special://masterprofile/smashing/smashingfavourites/scripts/tvscripts/smashingtv.py,2,1)</favourite>
    <favourite name="Guide Free" thumb="special://masterprofile/smashing/smashingfavourites/icons/tv.png">RunScript(special://masterprofile/smashing/smashingfavourites/scripts/tvscripts/smashingtv.py,2,2)</favourite>
    <favourite name="Guide Sport" thumb="special://masterprofile/smashing/smashingfavourites/icons/tv.png">RunScript(special://masterprofile/smashing/smashingfavourites/scripts/tvscripts/smashingtv.py,2,3)</favourite>
    <favourite name="Guide Interactive" thumb="special://masterprofile/smashing/smashingfavourites/icons/tv.png">RunScript(special://masterprofile/smashing/smashingfavourites/scripts/tvscripts/smashingtv.py,2,4)</favourite>
    <favourite name="Guide Kids" thumb="special://masterprofile/smashing/smashingfavourites/icons/tv.png">RunScript(special://masterprofile/smashing/smashingfavourites/scripts/tvscripts/smashingtv.py,2,5)</favourite>
    <favourite name="Guide Music" thumb="special://masterprofile/smashing/smashingfavourites/icons/tv.png">RunScript(special://masterprofile/smashing/smashingfavourites/scripts/tvscripts/smashingtv.py,2,6)</favourite>
    <favourite name="Guide International" thumb="special://masterprofile/smashing/smashingfavourites/icons/tv.png">RunScript(special://masterprofile/smashing/smashingfavourites/scripts/tvscripts/smashingtv.py,2,7)</favourite>
    <favourite name="Guide News" thumb="special://masterprofile/smashing/smashingfavourites/icons/tv.png">RunScript(special://masterprofile/smashing/smashingfavourites/scripts/tvscripts/smashingtv.py,2,8)</favourite>
    <favourite name="Guide Films" thumb="special://masterprofile/smashing/smashingfavourites/icons/tv.png">RunScript(special://masterprofile/smashing/smashingfavourites/scripts/tvscripts/smashingtv.py,2,9)</favourite>	
    <favourite name="Guide Entertainment" thumb="special://masterprofile/smashing/smashingfavourites/icons/tv.png">RunScript(special://masterprofile/smashing/smashingfavourites/scripts/tvscripts/smashingtv.py,2,10)</favourite>
    <favourite name="Guide Sky" thumb="special://masterprofile/smashing/smashingfavourites/icons/tv.png">RunScript(special://masterprofile/smashing/smashingfavourites/scripts/tvscripts/smashingtv.py,2,11)</favourite>
    <favourite name="Guide Documentary" thumb="special://masterprofile/smashing/smashingfavourites/icons/tv.png">RunScript(special://masterprofile/smashing/smashingfavourites/scripts/tvscripts/smashingtv.py,2,12)</favourite>		
    <favourite name="Test dvbviewer choose channels testsmashingstartpvr" thumb="special://masterprofile/smashing/smashingfavourites/icons/tv.png">RunScript(special://masterprofile/smashing/smashingfavourites/scripts/tvscripts/testsmashingstartpvr.py,pvr.dvbviewer,channels,group = choose)</favourite>	
    <favourite name="Test dvbviewer sport guide startpvr" thumb="special://masterprofile/smashing/smashingfavourites/icons/tv.png">RunScript(special://masterprofile/smashing/smashingfavourites/scripts/tvscripts/startpvr.py,pvr.dvbviewer,guide,Sport)</favourite>	
    <favourite name="Test iptvsimple choose channels testsmashingstartpvr" thumb="special://masterprofile/smashing/smashingfavourites/icons/tv.png">RunScript(special://masterprofile/smashing/smashingfavourites/scripts/tvscripts/testsmashingstartpvr.py,pvr.iptvsimple,channels,group = choose)</favourite>	
    <favourite name="Test iptvsimple all channels startpvr" thumb="special://masterprofile/smashing/smashingfavourites/icons/tv.png">RunScript(special://masterprofile/smashing/smashingfavourites/scripts/tvscripts/startpvr.py,pvr.iptvsimple,channels,All channels)</favourite>
    <favourite name="Test iptvsimple Kids startpvr" thumb="special://masterprofile/smashing/smashingfavourites/icons/tv.png">RunScript(special://masterprofile/smashing/smashingfavourites/scripts/tvscripts/startpvr.py,pvr.iptvsimple,channels,Kids)</favourite>
    <favourite name="smashing iptv fab.all Choose Channels" thumb="special://masterprofile/smashing/smashingfavourites/icons/tv.png">RunScript(special://masterprofile/smashing/smashingfavourites/scripts/tvscripts/smashingstartpvr.py, pvraddon = pvr.iptvsimple, channels, group = choose, data = fab.all)</favourite>
    <favourite name="Test disable startpvr" thumb="special://masterprofile/smashing/smashingfavourites/icons/tv.png">RunScript(special://masterprofile/smashing/smashingfavourites/scripts/tvscripts/startpvr.py,disable)</favourite>
    <favourite name="Test refresh startpvr" thumb="special://masterprofile/smashing/smashingfavourites/icons/tv.png">RunScript(special://masterprofile/smashing/smashingfavourites/scripts/tvscripts/startpvr.py,refresh)</favourite>
    <favourite name="Test refresh testsmashingstartpvr" thumb="special://masterprofile/smashing/smashingfavourites/icons/tv.png">RunScript(special://masterprofile/smashing/smashingfavourites/scripts/tvscripts/testsmashingstartpvr.py,refresh)</favourite>
    <favourite name="Test get settings testsmashingstartpvr" thumb="special://masterprofile/smashing/smashingfavourites/icons/tv.png">RunScript(special://masterprofile/smashing/smashingfavourites/scripts/tvscripts/testsmashingstartpvr.py,getsettings)</favourite>
    <favourite name="Test choose testsmashingstartpvr" thumb="special://masterprofile/smashing/smashingfavourites/icons/tv.png">RunScript(special://masterprofile/smashing/smashingfavourites/scripts/tvscripts/testsmashingstartpvr.py,choose)</favourite>
    <favourite name="Test force stop testsmashingstartpvr" thumb="special://masterprofile/smashing/smashingfavourites/icons/tv.png">RunScript(special://masterprofile/smashing/smashingfavourites/scripts/tvscripts/testsmashingstartpvr.py,forcestop)</favourite>
    <favourite name="Test cleardb startpvr" thumb="special://masterprofile/smashing/smashingfavourites/icons/tv.png">RunScript(special://masterprofile/smashing/smashingfavourites/scripts/tvscripts/startpvr.py,cleardb)</favourite>
</favourites>
<!--name is Custom.smashing.tv2169--><!--TV-->