<?xml version="1.0" encoding="UTF-8"?>
<!-- This file is used to map keycodes.                -->
<!--                                                                                      -->
<!-- All functions are disabled (set to move right so can see they're working)            -->
<!-- on the Home screen except arrows.                                                    -->
<!--                                                                                      -->
<!--                                                                                      -->
<!--                                                                                      -->
<!--                                                                                      -->
<!--                                                                                      -->
<!--                                                                                      -->
<!--                                                                                      -->
<!--                                                                                      -->
<keymap>
  <Home>
    <remote>
   	  <back>Right</back>
      <blue>Right</blue>
      <clear>Right</clear>
      <contentsmenu>Right</contentsmenu>
      <display>Right</display>
      <down>Down</down>
      <eight>Right</eight>
      <eject>Right</eject>
      <enter>Right</enter>
      <epgsearch>Right</epgsearch>
      <five>Right</five>
      <forward>Right</forward>
      <four>Right</four>
      <green>Right</green>
      <guide>Right</guide>
      <hash>Right</hash>
      <info>Right</info>
      <language>Right</language>
      <left>Left</left>
      <liveradio>Right</liveradio>
      <livetv>Right</livetv>
      <menu>Right</menu>
      <mute>Right</mute>
      <mymusic>Right</mymusic>
      <mypictures>Right</mypictures>
      <mytv>Right</mytv>
      <myvideo>Right</myvideo>
      <nine>Right</nine>
      <one>Right</one>
      <pageminus>Right</pageminus>
      <pageplus>Right</pageplus>
      <pause>Right</pause>
      <play>Right</play>
      <playlist>Right</playlist>
      <power>Right</power>
      <print>Right</print>
      <record>Right</record>
      <recordedtv>Right</recordedtv>
      <red>Right</red>
      <reverse>Right</reverse>
      <right>Right</right>
      <rootmenu>Right</rootmenu>
      <select>Right</select>
      <seven>Right</seven>
      <six>Right</six>
      <skipminus>Right</skipminus>
      <skipplus>Right</skipplus>
      <star>Right</star>
      <start>Right</start>
      <stop>Right</stop>
      <subtitle>Right</subtitle>
      <teletext>Right</teletext>
      <three>Right</three>
      <title>Right</title>
      <two>Right</two>
      <up>Up</up>
      <volumeminus>Right</volumeminus>
      <volumeplus>Right</volumeplus>
      <xbox>Right</xbox>
      <yellow>Right</yellow>
      <zero>Right</zero>
    </remote>
  </Home>	  
</keymap>