<favourites>
    <favourite name="Choose Less" thumb="special://masterprofile/smashing/smashingfavourites/icons/alloptions.png">RunScript(special://masterprofile/smashing/smashingfavourites/scripts/smashingfavourites.py, choose)</favourite>
    <favourite name="General Favourites" thumb="special://masterprofile/smashing/smashingfavourites/icons/alloptions.png">RunScript(special://masterprofile/smashing/smashingfavourites/scripts/smashingfavourites.py, general)</favourite>
    <favourite name="Leia Default Favourites" thumb="special://masterprofile/smashing/smashingfavourites/icons/alloptions.png">RunScript(special://masterprofile/smashing/smashingfavourites/scripts/smashingfavourites.py, leiadefault)</favourite>
    <favourite name="Actors" thumb="special://masterprofile/smashing/smashingfavourites/icons/alloptions.png">RunScript(special://masterprofile/smashing/smashingfavourites/scripts/smashingfavourites.py, actors)</favourite>
    <favourite name="Audio" thumb="special://masterprofile/smashing/smashingfavourites/icons/alloptions.png">RunScript(special://masterprofile/smashing/smashingfavourites/scripts/smashingfavourites.py, audio)</favourite>
    <favourite name="Backup" thumb="special://masterprofile/smashing/smashingfavourites/icons/alloptions.png">RunScript(special://masterprofile/smashing/smashingfavourites/scripts/smashingfavourites.py, backup)</favourite>
    <favourite name="Edit Addons" thumb="special://masterprofile/smashing/smashingfavourites/icons/alloptions.png">RunScript(special://masterprofile/smashing/smashingfavourites/scripts/smashingfavourites.py, editaddons)</favourite>
    <favourite name="Install" thumb="special://masterprofile/smashing/smashingfavourites/icons/alloptions.png">RunScript(special://masterprofile/smashing/smashingfavourites/scripts/smashingfavourites.py, install)</favourite>
    <favourite name="Keymaps" thumb="special://masterprofile/smashing/smashingfavourites/icons/alloptions.png">RunScript(special://masterprofile/smashing/smashingfavourites/scripts/smashingfavourites.py, keymaps)</favourite>
    <favourite name="kodi functions" thumb="special://masterprofile/smashing/smashingfavourites/icons/alloptions.png">RunScript(special://masterprofile/smashing/smashingfavourites/scripts/smashingfavourites.py, kodifunctions)</favourite>
    <favourite name="Letters" thumb="special://masterprofile/smashing/smashingfavourites/icons/alloptions.png">RunScript(special://masterprofile/smashing/smashingfavourites/scripts/smashingfavourites.py, letters)</favourite>
    <favourite name="libreelecpcscripts" thumb="special://masterprofile/smashing/smashingfavourites/icons/alloptions.png">RunScript(special://masterprofile/smashing/smashingfavourites/scripts/smashingfavourites.py, libreelecpcscripts)</favourite>
    <favourite name="Music" thumb="special://masterprofile/smashing/smashingfavourites/icons/alloptions.png">RunScript(special://masterprofile/smashing/smashingfavourites/scripts/smashingfavourites.py, music)</favourite>
    <favourite name="Open Windows" thumb="special://masterprofile/smashing/smashingfavourites/icons/alloptions.png">RunScript(special://masterprofile/smashing/smashingfavourites/scripts/smashingfavourites.py, openwindows)</favourite>
	<favourite name="Playlists" thumb="special://masterprofile/smashing/smashingfavourites/icons/alloptions.png">ActivateWindow(Videos,special://masterprofile/playlists/video)</favourite>
    <favourite name="Power" thumb="special://masterprofile/smashing/smashingfavourites/icons/alloptions.png">RunScript(special://masterprofile/smashing/smashingfavourites/scripts/smashingfavourites.py, power)</favourite>
    <favourite name="Radio" thumb="special://masterprofile/smashing/smashingfavourites/icons/alloptions.png">RunScript(special://masterprofile/smashing/smashingfavourites/scripts/smashingfavourites.py, radio)</favourite>	
    <favourite name="Resume playback" thumb="special://masterprofile/smashing/smashingfavourites/icons/resumeplayback.png">RunScript(special://masterprofile/smashing/smashingfavourites/scripts/smashingfavourites.py, resumeplayback)</favourite>	
    <favourite name="rsync" thumb="special://masterprofile/smashing/smashingfavourites/icons/alloptions.png">RunScript(special://masterprofile/smashing/smashingfavourites/scripts/smashingfavourites.py, rsync)</favourite>	
	<favourite name="Skins" thumb="special://masterprofile/smashing/smashingfavourites/icons/alloptions.png">RunScript(special://masterprofile/smashing/smashingfavourites/scripts/smashingfavourites.py, skins)</favourite>
	<favourite name="Skin edits" thumb="special://masterprofile/smashing/smashingfavourites/icons/alloptions.png">RunScript(special://masterprofile/smashing/smashingfavourites/scripts/smashingfavourites.py, skinedits)</favourite>
    <favourite name="Switch addon data" thumb="special://masterprofile/smashing/smashingfavourites/icons/alloptions.png">RunScript(special://masterprofile/smashing/smashingfavourites/scripts/smashingfavourites.py, switchaddondata)</favourite>
    <favourite name="Test Shell" thumb="special://masterprofile/smashing/smashingfavourites/icons/alloptions.png">RunScript(special://masterprofile/smashing/smashingfavourites/scripts/smashingfavourites.py, testshell)</favourite>
    <favourite name="Testing" thumb="special://masterprofile/smashing/smashingfavourites/icons/alloptions.png">RunScript(special://masterprofile/smashing/smashingfavourites/scripts/smashingfavourites.py, testing)</favourite>
    <favourite name="TV" thumb="special://masterprofile/smashing/smashingfavourites/icons/alloptions.png">RunScript(special://masterprofile/smashing/smashingfavourites/scripts/smashingfavourites.py, tv)</favourite>
    <favourite name="Utilities" thumb="special://masterprofile/smashing/smashingfavourites/icons/alloptions.png">RunScript(special://masterprofile/smashing/smashingfavourites/scripts/smashingfavourites.py, utilities)</favourite>
    <favourite name="Xonfluence" thumb="special://masterprofile/smashing/smashingfavourites/icons/alloptions.png">RunScript(special://masterprofile/smashing/smashingfavourites/scripts/smashingfavourites.py, xonfluence)</favourite>
    <favourite name="Years" thumb="special://masterprofile/smashing/smashingfavourites/icons/alloptions.png">ActivateWindow(Videos,special://masterprofile/playlists/video/years)</favourite>
</favourites>
<!--name is Custom.smashing.alloptions2151--><!--All options-->